Workbook

Sheet Chris
A1: Zipper
A2: IP Address | B2: Hostname | C2: Details | D2: Notes | E2: Action Taken | F2: Contact (BuildCenter)
A3: 10.225.4.136 | B3: tss1vdev0104.tshhosting.com | C3: Shutdown?
A4: 10.55.129.7 | B4: c951jrx | C4: Responds to ping | D4: The IP assignment for the following address does not match what DNS or ServiceManager says (since 030113): | E4: Both look fine? | F4: Michael Tyrrell
A5: 163.231.83.1 | B5: adobo | C5: Decommissioned | D5: Unix? | E5: Recycled IP
A6: 10.52.128.60 | B6: C111PESCSDBB1 | C6: Does not respond to pings | D6: IP addresses maps to eg-tlrdc-a14.tlr.thomson.com BCS07041 | F6: Michael Tyrrell
A7: 10.52.128.61 | B7: C111XZZOFDBB1 | C7: Host not reachable | D7: No SM record. BCS07041 | F7: Michael Tyrrell
A8: 10.52.128.67 | B8: C574KEXOFDBB2 | C8: Host not reachable | D8: Two IP addresses BC07232 | F8: Michael Tyrrell
A9: 10.52.128.69 | B9: C613QFPCSDBB2 | C9: No DNS Record | D9: BC07232 | F9: Michael Tyrrell
A10: 10.52.133.66 | B10: C582MCK | C10: No DNS Record | D10: BC07232 | F10: Michael Tyrrell
A11: 10.52.133.68 | B11: C268CUC | C11: No DNS Record | D11: BC07232 | F11: Michael Tyrrell
A12: 10.204.32.129 | B12: c696xvjtftta.tlr.thomson.com | C12: Responds to Ping | D12: The IP assignment for the following address does not match what DNS or ServiceManager says (since 051313): | E12: Both look fine? | F12: Kathy Nguyen
A13: 10.204.64.100 | B13: c290fscegnd10.tlr.thomson.com | C13: Responds to Ping | D13: The IP assignment for the following address does not match what DNS or ServiceManager says (since 021113): | E13: Both look fine? | F13: Aftab Butt
A14: 10.204.64.114 | B14: c014mszgrdb2e | C14: Responds to ping | D14: IP address shows 10.205.67.25 | F14: Linda Huling
A15: 10.204.64.115 | B15: c329hbvgrdb2f | C15: Responds to ping | D15: IP address shows 10.205.67.26 | F15: Linda Huling
A16: 10.204.64.96 | B16: c221dyhegnd06.tlr.thomson.com | C16: Responds to Ping | D16: The IP assignment for the following address does not match what DNS or ServiceManager says (since 021213): | E16: Both look fine? | F16: Aftab Butt
A17: 10.204.64.97 | B17: c494hqvegnd07.tlr.thomson.com | C17: Responds to Ping | D17: The IP assignment for the following address does not match what DNS or ServiceManager says (since 021213): | E17: Both look fine? | F17: Aftab Butt
A18: 10.205.54.109 | B18: EG-SCMECOM-A04 | C18: Does not respond to pings | D18: IP address shows 10.221.69.54 | E18: Recycled | F18: Todd Burmaster
A19: 10.206.19.107 | B19: pvcluster.int.thomsonreuters.com | C19: Device Name shows C499WPR | D19: No SM record.
A20: 10.213.28.97 | B20: EG-SSCOPE-H22 | C20: Does not respond to pings | D20: IP address shows 167.68.64.3 | E20: Recycled
A21: 10.213.32.11 | B21: eg-sirappq-b04 | C21: Does not respond to ping (since 022113) | D21: IP now 163.231.98.1 (SM) | E21: Recycled IP
A22: 10.214.12.39 | B22: EG-DCEWEBQA-B01 | C22: Responds to Pings | D22: IP address shows 10.204.16.6 | F22: Linda Huling
A23: 10.215.31.40 | B23: c234qgj.ecom.tlrg.com | C23: Responds to pings | D23: The IP assignment for the following address does not match what DNS or ServiceManager says (since 032513): | F23: Joellen Depalma
A24: 10.216.64.10 | B24: EG-TAWEB-A05 | C24: Does not respond to ping (since 030413) | D24: V2V NEW IP 10.216.19.65 | E24: Recycled IP
A25: 10.216.64.3 | B25: EG-TAWEB-A04 | C25: Does not respond to ping (since 030213) | D25: IP now 10.216.19.64 (SM) | E25: Recycled IP
A26: 10.220.17.200 | B26: eg-j3rsqldv-b03 | C26: Decommissioned | E26: Recycled IP
A27: 10.220.20.141 | B27: EG-ELTVMDV-B12 | C27: Does not respond to ping (since 031213) | D27: CR0502751
A28: 10.220.20.142 | B28: EG-ELTVMDV-B13 | C28: Does not respond to ping (since 031213) | D28: CR0502751
A29: 10.220.20.143 | B29: eg-eltvmdv-b14 | C29: Does not respond to ping (since 031213) | D29: CR0502751
A30: 10.220.20.144 | B30: eg-eltvmdv-b15 | C30: Does not respond to ping (since 031213) | D30: CR0502751
A31: 10.220.48.3 | B31: RA-EG-WCTSQLQA-B02 | C31: Does not respond to ping (since 030213) | D31: IP now 10.220.42.28 (SM) | E31: Recycled IP
A32: 10.221.240.94 | B32: RA-EG-TFBSQL-B01 | C32: Decommissioned | E32: Recycled IP
A33: 10.221.249.129 | B33: RA-TLRUSMNEAGAPP06 | C33: No DNS Record | E33: Recycled IP
A34: 10.221.249.216 | B34: RA_TLRUSMNEAGAPP03 | C34: No DNS Record | E34: Recycled IP
A35: 10.221.253.147 | B35: TLRUSMNEAGAPP07 | C35: Decommissioned | E35: Recycled IP
A36: 10.221.254.152 | B36: EG-WEBAPP-A03 | C36: P2V Decommission | D36: Start June 6 | F36: Klarissa Mueller
A37: 10.221.254.195 | B37: EG-DASYNCQA-A06 | C37: Does not respond to ping (since 030613) | D37: Decommissioned | E37: Recycled IP
A38: 10.221.254.98 | B38: EG-DASYNC-A07 | C38: Does not respond to ping (since 030113) | D38: Decommissioned | E38: Recycled IP
A39: 10.221.64.115 | B39: EG-SWGADM-B01 | C39: Does not respond to ping (since 031013) | D39: P2V | E39: Recycled IP
A40: 10.221.68.4 | B40: EG-SWGADM-A02 | C40: Does not respond to ping (since 031113) | D40: P2V | E40: Recycled IP
A41: 10.221.68.45 | B41: EG-TAWEB-A06 | C41: Does not respond to ping (since 030213) | D41: IP now 10.215.34.201 (SM) | E41: Recycled IP
A42: 10.221.68.49 | B42: EG-TASQL-A04 | C42: Does not respond to ping (since 030413) | D42: NEW IP 10.215.34.202 | E42: Recycled IP
A43: 10.226.45.37 | B43: tshielkcmgbld01-ilo | C43: No DNS Record | D43: BAD HARDDRIVE
A44: 10.226.50.195 | B44: C837PNSBLWEB | C44: Does not respond to ping (since 031513) | D44: VLAN Change | E44: Recycled IP
A45: 10.226.9.144 | B45: C948DAQ | C45: This IP's assignment information does not match DNS or ServiceManager (since 060613) | D45: Contact Amanda mayers (BC) | E45: BCS11407
A46: 10.226.9.144 | B46: C948DAO | C46: This IP's assignment information does not match DNS or ServiceManager (since 061113) | D46: BCS11407
A47: 10.226.9.89 | B47: c400sccicapln | C47: This IP's assignment information does not match DNS or ServiceManager (since 060413) | D47: CR0665011 | E47: Ongoing CR. Waiting to Recycle
A48: 10.226.9.89 | B48: c400sccicapln.tlr.thomson.com | C48: This IP's assignment information does not match DNS or ServiceManager (since 060413) | D48: BCS11407
A49: 10.226.9.90 | B49: C111JEMICAPLN | C49: This IP is apparently in use, but it has not been assigned (since 060413) | D49: Decommissioned | E49: Ongoing CR. Waiting to Recycle
A50: 10.226.9.90 | B50: C066FDTICAPLN(SM) | C50: This IP is apparently in use, but it has not been assigned (since 061113)
A51: 10.236.191.147 | B51: TSHUSMNEAGVIR03-OOB | C51: Decommissioned | E51: Recycled IP
A52: 10.51.0.21 | B52: pvdr.int.thomsonreuters.com | C52: Does not respond to pings | D52: Listed SM Hostname - C671RBM | E52: DNS Changed in SM | F52: JoEllen DePalma
A53: 10.51.5.10 | B53: C824XWEU2PUB3 | C53: Does not respond to pings | D53: January 29th 2013 - Last ping
A54: 10.51.5.129 | B54: c241ztuu2tmg1 | C54: Does not respond to pings/Has DNS | D54: Server is UP! | F54: Jean M McMahon
A55: 10.51.5.130 | B55: c671ppvu2tmg2 | C55: Does not respond to pings | D55: Server is UP! | F55: Jean M McMahon
A56: 10.51.5.9 | B56: C888UXQU2PUB1 | C56: Does not respond to pings | D56: Second IP address 10.59.176.31
A57: 10.52.130.98 | B57: C265EZJGRCSNP | C57: No DNS Record | D57: Server is UP! | F57: Chanda Nye
A58: 10.52.133.58 | B58: c237mkh | C58: No DNS Record | D58: Decommissioned | E58: Recycled IP | F58: Michael Tyrrell
A59: 10.52.133.59 | B59: c946wpw | C59: No DNS Record | D59: Decommissioned | E59: Recycled IP | F59: Michael Tyrrell
A60: 10.52.133.60 | B60: c451utq | C60: No DNS Record | D60: Decommissioned | E60: Recycled IP | F60: Michael Tyrrell
A61: 10.52.133.61 | B61: c662yxu | C61: No DNS Record | D61: Decommissioned | E61: Recycled IP | F61: Michael Tyrrell
A62: 10.52.134.51 | B62: C111UBRLHUB03 | C62: Responds to Ping | D62: IP address shows 10.52.134.19 | F62: Jean M McMahon
A63: 10.52.142.57 | B63: C828QPKQFS02 | C63: Responds to ping | D63: IP address shows 10.52.184.15 | F63: Aftab Butt
A64: 10.59.176.75 | B64: RA-C888UXQMPUB01 | C64: No DNS Record | E64: No SM record.
A65: 163.231.16.2 | B65: tlrusmneagapp04 | C65: Decommissioned | E65: Recycled IP | F65: Peter Hynes
A66: 163.231.22.167 | B66: tlrusmneagapp11 | C66: Decommissioned | E66: Recycled IP
A67: 163.231.29.167 | B67: eagh-erfpisa03 | C67: Does not respond to pings / New IP 163.231.29.129 | E67: Recycled IP | F67: Dan Bolwell
A68: 163.231.82.150 | B68: EG-TFBSQL-B01C | C68: Retired | E68: Recycled IP
A69: 163.231.82.151 | B69: EG-TFBSQL-B01R | C69: Retired | E69: Recycled IP
A70: 163.231.82.152 | B70: EG-TFBSQL-B01M | C70: Retired | E70: Recycled IP
A71: 163.231.83.217 | B71: pfsso
A72: 163.231.94.89 | B72: eg-hdsadm-a04.int.westgroup.com | C72: Does not respond to ping (since 030313) | D72: ???
A73: 163.231.99.40 | B73: koro | C73: Responds to pings | D73: DNS record | F73: Joy K Gonzalez
A74: 164.57.152.214 | B74: EG-GRSAPP-A569 | C74: Decommissioned | D74: Recycled IP
A75: 192.168.250.129 | B75: tok1-dist1.tfn.com | C75: Does not respond to pings/Has DNS | D75: No SM record.
A76: 192.168.250.131 | B76: aujpjptokdaiwcp-a01.tfn.com | C76: Does not respond to pings | D76: No SM record.
A77: 10.51.1.11 | B77: C534JRVEXSQL2 | C77: This IP's assignment information does not match DNS or ServiceManager (since 071313)
A78: 10.51.2.64 | B78: C274CJPQADM01 | C78: Does not respond to ping (since 041213)
A79: 10.51.2.65 | B79: C434FPTSQL02 | C79: Does not respond to ping (since 041113)
A80: 10.51.2.68 | B80: c145dxravcm02 | C80: Does not respond to ping (since 040713)
A81: 10.51.2.69 | B81: c332hbvavns02 | C81: Does not respond to ping (since 040713)
A82: 10.51.2.71 | B82: c169nfhavos01 | C82: Does not respond to ping (since 040713)
A83: 10.51.2.86 | B83: c064kcefsmo01 | C83: Does not respond to ping (since 040713)
A84: 10.51.2.88 | B84: c506nfzprnt01 | C84: Does not respond to ping (since 040713)
A85: 10.51.2.90 | B85: c212pgjtsad01 | C85: Does not respond to ping (since 040713)
A86: 10.51.2.92 | B86: c048ntzqfs02 | C86: Does not respond to ping (since 040713)
A87: 10.51.2.95 | B87: c087xejcmsql1 | C87: Does not respond to ping (since 041113)
A88: 10.51.8.80 | B88: C111WFXEMBX73 | C88: Does not respond to ping (since 040413)
... A99: 10.52.142.55 | B99: C304TZFQFS01 | C99: Does not respond to ping (since 041113)
A100: 10.204.66.48 | B100: testserver14 | C100: Does not respond to ping (since 032513) | D100: Decommissioned | E100: Recycled IP
A101: 10.206.169.14 | B101: C111BNMHMBX57 | C101: Does not respond to ping (since 040913) | D101: New IP | E101: Recycled IP
A102: 10.213.40.190 | B102: RA-C111CYXEMBX53 | C102: Does not respond to ping (since 040913) | D102: Decommissioned | E102: Recycled IP
A103: 10.216.64.4 | B103: EG-TAWEB-A03 | C103: Does not respond to ping (since 040813) | D103: V2V | E103: Recycled IP
A104: 10.216.64.9 | B104: EG-TAWEB-A02 | C104: Does not respond to ping (since 040813) | D104: V2V | E104: Recycled IP
A105: 10.221.253.182 | B105: RA-EG-CRMQA-A22 | C105: Does not respond to ping (since 040913) | D105: Retired | E105: Recycled IP
A106: 10.221.254.146 | B106: EG-CRM-A24 | C106: Does not respond to ping (since 040913) | D106: Decommissioned | E106: Recycled IP
A107: 163.231.21.34 | B107: C111EJEHBES20 | C107: Does not respond to ping (since 041213) | D107: IP address shows 10.51.5.84 | E107: Recycled IP
A108: 163.231.23.51 | B108: c111cyxembx53 | C108: Does not respond to ping (since 040913) | D108: New IP Address | E108: Recycled IP
A109: 10.220.48.140 | B109: RA-EG-CRMSQLDV-B13 | C109: Does not respond to ping (since 041213) | D109: Decommissioned | E109: Recycled IP
A110: 10.221.241.206 | B110: EG-CTRX-B34 | C110: Does not respond to ping (since 040613) | E110: Recycled IP
...

Sheet Dustin
A1: IP Address | B1: Server Name | C1: IM/CR | D1: jorenby's notes | E1: Zipper Error | F1: Decommission - Brief Description | G1: Status | H1: IP Address in Service Manager | I1: Possible Name
A2: 10.51.5.129 | B2: c241ztuu2tmg1.erf.thomson.com | D2: Shutdown? Can't find OOB | E2: This IP's assignment information does not match DNS or ServiceManager (since 050313)
A3: 10.51.5.130 | B3: c671ppvu2tmg2.erf.thomson.com | D3: Shutdown? Can't find OOB | E3: This IP's assignment information does not match DNS or ServiceManager (since 050913)
A4: 10.52.130.98 | B4: C265EZJGRCSNP | D4: Shutdown? Can't find OOB | E4: Does not respond to ping (since 012913) | G4: DEPLOYED | H4: 10.52.145.1 | I4: C265EZJGRCSNP
A5: 10.52.134.51 | B5: C111UBRLHUB03 | D5: IP address shows 10.52.134.19 | E5: Does not respond to ping (since 012913) | G5: DEPLOYED | H5: 10.52.134.19 | I5: C111UBRLHUB03
A6: 10.52.142.57 | B6: C828QPKQFS02 | D6: IP address shows 10.52.184.15 | E6: Does not respond to ping (since 021213) | G6: BUILD COMPLETE | H6: 10.52.184.15 | I6: C828QPKQFS02
A7: 10.55.129.7 | B7: c951jrx.mgmt.tlrg.com | D7: The IP assignment for the following address does not match what DNS or ServiceManager says (since 030113): | E7: This IP's assignment information does not match DNS or ServiceManager (since 030113)
A8: 10.59.176.75 | B8: RA-C888UXQMPUB01 | C8: IM4454689 | D8: No SM record. | E8: Does not respond to ping (since 020513) | G8: BUILD COMPLETE | H8: 10.51.5.17 | I8: C888UXQMPUB01
A9: 10.204.32.129 | B9: c696xvjtftta.tlr.thomson.com | D9: The IP assignment for the following address does not match what DNS or ServiceManager says (since 051313): | E9: This IP's assignment information does not match DNS or ServiceManager (since 051313) | G9: BUILD COMPLETE | H9: 10.204.32.129 | I9: C696XVJTFTTA
A10: 10.204.64.96 | B10: c221dyhegnd06.tlr.thomson.com | D10: The IP assignment for the following address does not match what DNS or ServiceManager says (since 021213): | E10: This IP's assignment information does not match DNS or ServiceManager (since 021213) | G10: DEPLOYED | H10: 10.204.64.96 | I10: C221DYHEGND06
A11: 10.204.64.97 | B11: c494hqvegnd07.tlr.thomson.com | D11: The IP assignment for the following address does not match what DNS or ServiceManager says (since 021213): | E11: This IP's assignment information does not match DNS or ServiceManager (since 021213) | G11: DEPLOYED | H11: 10.204.64.97 | I11: C494HQVEGND07
A12: 10.204.64.100 | B12: c290fscegnd10.tlr.thomson.com | D12: The IP assignment for the following address does not match what DNS or ServiceManager says (since 021113): | E12: This IP's assignment information does not match DNS or ServiceManager (since 021113) | G12: DEPLOYED | H12: 10.204.64.100 | I12: C290FSCEGND10
A13: 10.204.64.114 | B13: c014mszgrdb2e | D13: IP address shows 10.205.67.25 | E13: Does not respond to ping (since 011113) | G13: DEPLOYED | H13: 10.205.67.25 | I13: C014MSZGRDB2E
A14: 10.204.64.115 | B14: c329hbvgrdb2f | D14: IP address shows 10.205.67.26 | E14: Does not respond to ping (since 011113) | G14: DEPLOYED | H14: 10.205.67.26 | I14: C329HBVGRDB2F
A15: 10.205.54.109 | B15: EG-SCMECOM-A04 | D15: IP address shows 10.221.69.54 | E15: Does not respond to ping (since 012413) | G15: DEPLOYED | H15: 10.221.69.54 | I15: EG-SCMECOM-A04
A16: 10.213.28.97 | B16: EG-SSCOPE-H22 | D16: IP address shows 167.68.64.3 | E16: Does not respond to ping (since 020713) | G16: DEPLOYED | H16: 167.68.64.3 | I16: eg-sscope-h22
A17: 10.214.12.39 | B17: EG-DCEWEBQA-B01 | D17: IP address shows 10.204.16.6 | E17: Does not respond to ping (since 021213) | G17: DEPLOYED | H17: 10.204.16.85 | I17: EG-DCEWEBQA-B01
A18: 10.215.31.40 | B18: c234qgj.ecom.tlrg.com | D18: The IP assignment for the following address does not match what DNS or ServiceManager says (since 032513): | E18: This IP's assignment information does not match DNS or ServiceManager (since 032513)
A19: 10.220.17.200 | B19: eg-j3rsqldv-b03 | D19: 0 | E19: Does not respond to ping (since 020413) | F19: CR0649162 - Decommission - BuildCenter: BCS10492 - EG-J3RSQLDV-B03 - Close Time:04/26/2013 08:50:36 | I19: 130426 - 1S88631SU99NV626 (EG-J3RSQLDV-B03)
A20: 10.221.240.94 | B20: RA-EG-TFBSQL-B01 | D20: No SM record. | E20: Does not respond to ping (since 020113) | F20: CR0619312 - Decommission - BuildCenter: BCS08950 - EG-TFBSQL-B01 - Close Time:02/12/2013 06:27:17 | I20: 130109 - Logical Image (eg-tfbsql-b01c)
A21: 10.221.253.147 | B21: TLRUSMNEAGAPP07 | D21: 0 | E21: Does not respond to ping (since 021413) | F21: CR0626151 - Decommission - BuildCenter: BCS10065 - TLRUSMNEAGAPP07 - Close Time:03/12/2013 04:23:03 | I21: 130312 - KPWNP68 (TLRUSMNEAGAPP07)
A22: 10.221.254.152 | B22: EG-WEBAPP-A03 | D22: Start June 6 | E22: Does not respond to ping (since 010913) | G22: DEPLOYED | H22: 10.220.68.173 | I22: eg-webapp-a03
A23: 10.225.4.136 | B23: tss1vdev0104.tshhosting.com | D23: 0 | E23: Does not respond to ping (since 120712)
A24: 10.226.45.37 | B24: tshielkcmgbld01-ilo | D24: No SM record. | E24: Does not respond to ping (since 111212)
A25: 10.236.191.147 | B25: TSHUSMNEAGVIR03-OOB | D25: No SM record. | E25: Does not respond to ping (since 010413) | F25: CR0608313 - Decommission - BuildCenter: BCS08456 - TSHUSMNEAGVIR03 - Close Time:01/22/2013 10:48:32 | I25: 130109 - M00BNCZ154 (TSHUSMNEAGVIR03)
A26: 163.231.16.2 | B26: tlrusmneagapp04 | D26: No SM record. | E26: Does not respond to ping (since 021513) | F26: CR0623754 - Decommission - BuildCenter: BCS10065 - TLRUSMNEAGAPP04 - Close Time:03/03/2013 17:59:14 | I26: 130304 - 78AY646 (tlrusmneagapp04)
A27: 163.231.22.167 | B27: tlrusmneagapp11 | D27: 0 | E27: Does not respond to ping (since 012613) | F27: CR0627914 - Decommission - BuildCenter: BCS10065 - TLRUSMNEAGAPP11 - Close Time:03/13/2013 07:21:06 | I27: 130313 - 23A7363 (TLRUSMNEAGAPP11)
A28: 163.231.29.167 | B28: eagh-erfpisa03 | D28: 0 | E28: Does not respond to ping (since 120412) | G28: DEPLOYED | H28: 163.231.29.129 | I28: EAGH-ERFPISA03
A29: 163.231.82.150 | B29: EG-TFBSQL-B01C | D29: 0 | E29: Does not respond to ping (since 021413) | F29: CR0608554 - Decommission - BuildCenter: BCS08950 - eg-tfbsql-b01c - Close Time:01/09/2013 06:02:18 | I29: 130109 - Logical Image (eg-tfbsql-b01c)
A30: 163.231.82.151 | B30: EG-TFBSQL-B01R | D30: 0 | E30: Does not respond to ping (since 021413) | F30: CR0608553 - Decommission - BuildCenter: BCS08950 - eg-tfbsql-b01r - Close Time:01/09/2013 06:03:25 | I30: 130109 - Logical Image (eg-tfbsql-b01r)
A31: 163.231.82.152 | B31: EG-TFBSQL-B01M | D31: 0 | E31: Does not respond to ping (since 021413) | F31: CR0608555 - Decommission - BuildCenter: BCS08950 - eg-tfbsql-b01m - Close Time:01/09/2013 06:00:11 | I31: 130109 - Logical Image (eg-tfbsql-b01m)
A32: 163.231.83.1 | B32: adobo.tfn.com | D32: 0 | E32: Does not respond to ping (since 011213) | I32: 100104 - 1061D2F (ADOBO)
A33: 163.231.83.217 | B33: pfsso.int.thomsonreuters.com | D33: 0 | E33: Does not respond to ping (since 011213)
A34: 163.231.99.40 | B34: koro | D34: DNS record | E34: Does not respond to ping (since 020413) | G34: DEPLOYED | H34: 163.231.99.199 | I34: koro
A35: 10.51.0.21 | B35: pvdr.int.thomsonreuters.com | D35: Listed SM Hostname - C671RBM | E35: This IP's assignment information does not match DNS or ServiceManager (since 050713)
A36: 10.51.5.9 | B36: C888UXQU2PUB1 | D36: Second IP address 10.59.176.31 | E36: Does not respond to ping (since 012913)
A37: 10.51.5.10 | B37: C824XWEU2PUB3 | D37: January 29th 2013 - Last ping | E37: Does not respond to ping (since 012913)
A38: 10.52.128.60 | B38: C111PESCSDBB1 | D38: IP addresses maps to eg-tlrdc-a14.tlr.thomson.com | E38: Does not respond to ping (since 012913) | G38: BUILD COMPLETE | I38: C111PESCSDBB1
A39: 10.52.128.61 | B39: C111XZZOFDBB1 | D39: No SM record. | E39: Does not respond to ping (since 012913) | G39: BUILD COMPLETE | I39: C111XZZOFDBB1
A40: 10.52.128.67 | B40: C574KEXOFDBB2 | D40: Two IP addresses | E40: Does not respond to ping (since 012913) | G40: BUILD COMPLETE | I40: C574KEXOFDBB2
A41: 10.52.128.69 | B41: C613QFPCSDBB2 | D41: 0 | E41: Does not respond to ping (since 012913) | G41: BUILD COMPLETE | I41: C613QFPCSDBB2
A42: 10.52.133.58 | B42: c237mkh | D42: No SM record. | E42: Does not respond to ping (since 012913) | F42: CR0650064 - Decommission - BuildCenter: BCS10889 - c237mkh - Close Time:04/29/2013 09:54:07 | I42: 130429 - Logical Image (c237mkh)
A43: 10.52.133.59 | B43: c946wpw | D43: No SM record. | E43: Does not respond to ping (since 012913) | F43: CR0650062 - Decommission - BuildCenter: BCS10889 - c946wpw - Close Time:04/29/2013 09:50:53 | I43: 130429 - Logical Image (c946wpw)
A44: 10.52.133.60 | B44: c451utq | D44: No SM record. | E44: Does not respond to ping (since 012913) | F44: CR0650061 - Decommission - BuildCenter: BCS10889 - c451utq - Close Time:04/29/2013 09:49:51 | I44: 130429 - Logical Image (c451utq)
A45: 10.52.133.61 | B45: c662yxu | D45: No SM record. | E45: Does not respond to ping (since 012913) | F45: CR0650063 - Decommission - BuildCenter: BCS10889 - c662yxu - Close Time:04/29/2013 09:52:00 | I45: 130429 - Logical Image (c662yxu)
A46: 10.52.133.66 | B46: C582MCK | D46: 0 | E46: Does not respond to ping (since 012913) | G46: BUILD COMPLETE | H46: 10.52.128.66 | I46: C582MCK
A47: 10.52.133.67 | B47: C574KEXOFDBB2 | D47: Two IP addresses | E47: Does not respond to ping (since 012913) | G47: BUILD COMPLETE | I47: C574KEXOFDBB2
A48: 10.52.133.68 | B48: C268CUC | D48: 0 | E48: Does not respond to ping (since 012913) | G48: BUILD COMPLETE | H48: 10.52.128.68 | I48: C268CUC
A49: 10.52.133.69 | B49: C613QFPCSDBB2 | D49: 0 | E49: Does not respond to ping (since 012913) | G49: BUILD COMPLETE | I49: C613QFPCSDBB2
A50: 10.59.176.32 | B50: C824XWEU2PUB3 | D50: January 29th 2013 - Last ping | E50: Does not respond to ping (since 012913)
A51: 10.206.19.107 | B51: pvcluster.int.thomsonreuters.com | D51: No SM record. | E51: This IP's assignment information does not match DNS or ServiceManager (since 050713)
A52: 10.221.249.129 | B52: RA-TLRUSMNEAGAPP06 | D52: No SM record. | E52: Does not respond to ping (since 021413) | F52: CR0623756 - Decommission - BuildCenter: BCS10065 - TLRUSMNEAGAPP06 - Close Time:03/03/2013 18:04:20 | I52: 130304 - KPWNP71 (TLRUSMNEAGAPP06)
A53: 10.221.249.216 | B53: RA_TLRUSMNEAGAPP03 | D53: No SM record. | E53: Does not respond to ping (since 021413) | F53: CR0622121 - Decommission - BuildCenter: BCS10065 - TLRUSMNEAGAPP03 - Close Time:02/19/2013 06:37:28 | I53: 130305 - KPWNR37 (TLRUSMNEAGAPP03)
A54: 164.57.152.214 | B54: EG-GRSAPP-A569 | D54: No SM record. | E54: Does not respond to ping (since 011513) | I54: 100310 - 1S8853L5U99P6028 (EG-GRSAPP-A569)
A55: 192.168.250.129 | B55: tok1-dist1.tfn.com | D55: No SM record. | E55: This IP's assignment information does not match DNS or ServiceManager (since 113012)
A56: 192.168.250.131 | B56: aujpjptokdaiwcp-a01.tfn.com | D56: No SM record. | E56: This IP's assignment information does not match DNS or ServiceManager (since 113012)

Sheet Zipper 6-13
A1: IPAddress | B1: Hostname | C1: Description | D1: Compared | E1: Notes | F1: Action Taken
A2: 10.204.32.129 | B2: c696xvjtftta | C2: This IP's assignment information does not match DNS or ServiceManager (since 051313) | D2: =VLOOKUP(A2,Chris!A:F,1,0) -> 10.204.32.129
A3: 10.204.64.100 | B3: c290fscegnd10 | C3: This IP's assignment information does not match DNS or ServiceManager (since 021113) | D3: =VLOOKUP(A3,Chris!A:F,1,0) -> 10.204.64.100
A4: 10.204.64.114 | B4: c014mszgrdb2e | C4: Does not respond to ping (since 011113) | D4: =VLOOKUP(A4,Chris!A:F,1,0) -> 10.204.64.114
A5: 10.204.64.115 | B5: c329hbvgrdb2f | C5: Does not respond to ping (since 011113) | D5: =VLOOKUP(A5,Chris!A:F,1,0) -> 10.204.64.115
A6: 10.204.64.96 | B6: c221dyhegnd06 | C6: This IP's assignment information does not match DNS or ServiceManager (since 021213) | D6: =VLOOKUP(A6,Chris!A:F,1,0) -> 10.204.64.96
A7: 10.204.64.97 | B7: c494hqvegnd07 | C7: This IP's assignment information does not match DNS or ServiceManager (since 021213) | D7: =VLOOKUP(A7,Chris!A:F,1,0) -> 10.204.64.97
A8: 10.206.19.107 | B8: pvcluster | C8: This IP's assignment information does not match DNS or ServiceManager (since 050713) | D8: =VLOOKUP(A8,Chris!A:F,1,0) -> 10.206.19.107
A9: 10.213.32.11 | B9: eg-sirappq-b04 | C9: Does not respond to ping (since 022113) | D9: =VLOOKUP(A9,Chris!A:F,1,0) -> 10.213.32.11 | E9: IP now 163.231.98.1 (SM) | F9: Recycled IP
A10: 10.215.31.40 | B10: c234qgj | C10: This IP's assignment information does not match DNS or ServiceManager (since 032513) | D10: =VLOOKUP(A10,Chris!A:F,1,0) -> 10.215.31.40
A11: 10.216.64.3 | B11: EG-TAWEB-A04 | C11: Does not respond to ping (since 030213) | D11: =VLOOKUP(A11,Chris!A:F,1,0) -> 10.216.64.3 | E11: IP now 10.216.19.64 (SM) | F11: Recycled IP
A12: 10.220.48.3 | B12: RA-EG-WCTSQLQA-B02 | C12: Does not respond to ping (since 030213) | D12: =VLOOKUP(A12,Chris!A:F,1,0) -> 10.220.48.3 | E12: IP now 10.220.42.28 (SM) | F12: Recycled IP
A13: 10.221.254.98 | B13: EG-DASYNC-A07 | C13: Does not respond to ping (since 030113) | D13: =VLOOKUP(A13,Chris!A:F,1,0) -> 10.221.254.98 | E13: Decommissioned | F13: Recycled IP
A14: 10.221.68.45 | B14: EG-TAWEB-A06 | C14: Does not respond to ping (since 030213) | D14: =VLOOKUP(A14,Chris!A:F,1,0) -> 10.221.68.45 | E14: IP now 10.215.34.201 (SM) | F14: Recycled IP
A15: 10.225.4.136 | B15: tss1vdev0104 | C15: Does not respond to ping (since 120712) | D15: =VLOOKUP(A15,Chris!A:F,1,0) -> 10.225.4.136
A16: 10.226.45.37 | B16: tshielkcmgbld01-ilo | C16: Does not respond to ping (since 111212) | D16: =VLOOKUP(A16,Chris!A:F,1,0) -> 10.226.45.37
A17: 10.226.9.144 | B17: C948DAQ | C17: This IP's assignment information does not match DNS or ServiceManager (since 060613) | D17: =VLOOKUP(A17,Chris!A:F,1,0) -> 10.226.9.144 | E17: Contact Amanda mayers (BC) | F17: BCS11407
A18: 10.226.9.89 | B18: c400sccicapln | C18: This IP's assignment information does not match DNS or ServiceManager (since 060413) | D18: =VLOOKUP(A18,Chris!A:F,1,0) -> 10.226.9.89 | E18: CR0665011 | F18: Ongoing CR. Waiting to Recycle
A19: 10.226.9.90 | B19: C111JEMICAPLN | C19: This IP is apparently in use, but it has not been assigned (since 060413) | D19: =VLOOKUP(A19,Chris!A:F,1,0) -> 10.226.9.90 | E19: Decommissioned | F19: Ongoing CR. Waiting to Recycle | G19: SM Shows C066FDTICAPLN
A20: 10.51.0.21 | B20: pvdr | C20: This IP's assignment information does not match DNS or ServiceManager (since 050713) | D20: =VLOOKUP(A20,Chris!A:F,1,0) -> 10.51.0.21
A21: 10.51.5.129 | B21: c241ztuu2tmg1 | C21: This IP's assignment information does not match DNS or ServiceManager (since 050313) | D21: =VLOOKUP(A21,Chris!A:F,1,0) -> 10.51.5.129
A22: 10.51.5.130 | B22: c671ppvu2tmg2 | C22: This IP's assignment information does not match DNS or ServiceManager (since 050913) | D22: =VLOOKUP(A22,Chris!A:F,1,0) -> 10.51.5.130
A23: 10.52.128.60 | B23: C111PESCSDBB1 | C23: Does not respond to ping (since 012913) | D23: =VLOOKUP(A23,Chris!A:F,1,0) -> 10.52.128.60
A24: 10.52.128.61 | B24: C111XZZOFDBB1 | C24: Does not respond to ping (since 012913) | D24: =VLOOKUP(A24,Chris!A:F,1,0) -> 10.52.128.61
A25: 10.52.128.67 | B25: C574KEXOFDBB2 | C25: Does not respond to ping (since 012913) | D25: =VLOOKUP(A25,Chris!A:F,1,0) -> 10.52.128.67
A26: 10.52.128.69 | B26: C613QFPCSDBB2 | C26: Does not respond to ping (since 012913) | D26: =VLOOKUP(A26,Chris!A:F,1,0) -> 10.52.128.69
A27: 10.52.130.98 | B27: C265EZJGRCSNP | C27: Does not respond to ping (since 012913) | D27: =VLOOKUP(A27,Chris!A:F,1,0) -> 10.52.130.98
A28: 10.52.133.58 | B28: c237mkh | C28: Does not respond to ping (since 012913) | D28: =VLOOKUP(A28,Chris!A:F,1,0) -> 10.52.133.58
A29: 10.52.133.59 | B29: c946wpw | C29: Does not respond to ping (since 012913) | D29: =VLOOKUP(A29,Chris!A:F,1,0) -> 10.52.133.59
A30: 10.52.133.60 | B30: c451utq | C30: Does not respond to ping (since 012913) | D30: =VLOOKUP(A30,Chris!A:F,1,0) -> 10.52.133.60
A31: 10.52.133.61 | B31: c662yxu | C31: Does not respond to ping (since 012913) | D31: =VLOOKUP(A31,Chris!A:F,1,0) -> 10.52.133.61
... A43: 192.168.250.131 | B43: aujpjptokdaiwcp-a01 | C43: This IP's assignment information does not match DNS or ServiceManager (since 113012) | D43: =VLOOKUP(A43,Chris!A:F,1,0) -> 192.168.250.131

Sheet Zipper 6-18
A1: IPAddress | B1: Hostname | C1: Description | D1: Compared | E1: Second Compare | F1: Notes | G1: Action Taken
A2: 192.168.250.129 | B2: tok1-dist1.tfn.com | C2: This IP's assignment information does not match DNS or ServiceManager (since 113012) | D2: =VLOOKUP(A2,Chris!A:F,2,0) -> tok1-dist1.tfn.com | E2: =VLOOKUP(A2,'Zipper 6-13'!A2:F43,2,0) -> tok1-dist1
A3: 192.168.250.131 | B3: aujpjptokdaiwcp-a01.tfn.com | C3: This IP's assignment information does not match DNS or ServiceManager (since 113012) | D3: =VLOOKUP(A3,Chris!A:F,2,0) -> aujpjptokdaiwcp-a01.tfn.com | E3: =VLOOKUP(A3,'Zipper 6-13'!A3:F44,2,0) -> aujpjptokdaiwcp-a01
A4: 10.51.0.21 | B4: pvdr.int.thomsonreuters.com | C4: This IP's assignment information does not match DNS or ServiceManager (since 050713) | D4: =VLOOKUP(A4,Chris!A:F,2,0) -> pvdr.int.thomsonreuters.com | E4: =VLOOKUP(A4,'Zipper 6-13'!A4:F45,2,0) -> pvdr
A5: 10.52.128.60 | B5: C111PESCSDBB1 | C5: Does not respond to ping (since 012913) | D5: =VLOOKUP(A5,Chris!A:F,2,0) -> C111PESCSDBB1 | E5: =VLOOKUP(A5,'Zipper 6-13'!A5:F46,2,0) -> C111PESCSDBB1
A6: 10.52.128.61 | B6: C111XZZOFDBB1 | C6: Does not respond to ping (since 012913) | D6: =VLOOKUP(A6,Chris!A:F,2,0) -> C111XZZOFDBB1 | E6: =VLOOKUP(A6,'Zipper 6-13'!A6:F47,2,0) -> C111XZZOFDBB1
A7: 10.52.128.67 | B7: C574KEXOFDBB2 | C7: Does not respond to ping (since 012913) | D7: =VLOOKUP(A7,Chris!A:F,2,0) -> C574KEXOFDBB2 | E7: =VLOOKUP(A7,'Zipper 6-13'!A7:F48,2,0) -> C574KEXOFDBB2
A8: 10.52.128.69 | B8: C613QFPCSDBB2 | C8: Does not respond to ping (since 012913) | D8: =VLOOKUP(A8,Chris!A:F,2,0) -> C613QFPCSDBB2 | E8: =VLOOKUP(A8,'Zipper 6-13'!A8:F49,2,0) -> C613QFPCSDBB2
A9: 10.52.133.58 | B9: c237mkh | C9: Does not respond to ping (since 012913) | D9: =VLOOKUP(A9,Chris!A:F,2,0) -> c237mkh | E9: =VLOOKUP(A9,'Zipper 6-13'!A9:F50,2,0) -> c237mkh
A10: 10.52.133.59 | B10: c946wpw | C10: Does not respond to ping (since 012913) | D10: =VLOOKUP(A10,Chris!A:F,2,0) -> c946wpw | E10: =VLOOKUP(A10,'Zipper 6-13'!A10:F51,2,0) -> c946wpw
A11: 10.52.133.60 | B11: c451utq | C11: Does not respond to ping (since 012913) | D11: =VLOOKUP(A11,Chris!A:F,2,0) -> c451utq | E11: =VLOOKUP(A11,'Zipper 6-13'!A11:F52,2,0) -> c451utq
A12: 10.52.133.61 | B12: c662yxu | C12: Does not respond to ping (since 012913) | D12: =VLOOKUP(A12,Chris!A:F,2,0) -> c662yxu | E12: =VLOOKUP(A12,'Zipper 6-13'!A12:F53,2,0) -> c662yxu
A13: 10.52.133.66 | B13: C582MCK | C13: Does not respond to ping (since 012913) | D13: =VLOOKUP(A13,Chris!A:F,2,0) -> C582MCK | E13: =VLOOKUP(A13,'Zipper 6-13'!A13:F54,2,0) -> C582MCK
... A23: 10.59.176.75 | B23: RA-C888UXQMPUB01 | C23: Does not respond to ping (since 020513) | D23: =VLOOKUP(A23,Chris!A:F,2,0) -> RA-C888UXQMPUB01 | E23: =VLOOKUP(A23,'Zipper 6-13'!A23:F64,2,0) -> RA-C888UXQMPUB01
A24: 10.216.64.10 | B24: EG-TAWEB-A05 | C24: Does not respond to ping (since 030413) | D24: =VLOOKUP(A24,Chris!A:F,2,0) -> EG-TAWEB-A05 | E24: =VLOOKUP(A24,'Zipper 6-13'!A24:F65,2,0) -> #N/A | F24: V2V NEW IP 10.216.19.65 | G24: Recycled IP
A25: 10.221.68.45 | B25: EG-TAWEB-A06 | C25: Does not respond to ping (since 030213) | D25: =VLOOKUP(A25,Chris!A:F,2,0) -> EG-TAWEB-A06 | E25: =VLOOKUP(A25,'Zipper 6-13'!A25:F66,2,0) -> #N/A | F25: NEW IP 10.215.34.201 | G25: Recycled IP
A26: 10.221.68.49 | B26: EG-TASQL-A04 | C26: Does not respond to ping (since 030413) | D26: =VLOOKUP(A26,Chris!A:F,2,0) -> EG-TASQL-A04 | E26: =VLOOKUP(A26,'Zipper 6-13'!A26:F67,2,0) -> #N/A | F26: NEW IP 10.215.34.202 | G26: Recycled IP
A27: 10.221.254.195 | B27: EG-DASYNCQA-A06 | C27: Does not respond to ping (since 030613) | D27: =VLOOKUP(A27,Chris!A:F,2,0) -> EG-DASYNCQA-A06 | E27: =VLOOKUP(A27,'Zipper 6-13'!A27:F68,2,0) -> #N/A | F27: Decommissioned | G27: Recycled IP
A28: 10.226.9.89 | B28: c400sccicapln.tlr.thomson.com | C28: This IP's assignment information does not match DNS or ServiceManager (since 060413) | D28: =VLOOKUP(A28,Chris!A:F,2,0) -> c400sccicapln | E28: =VLOOKUP(A28,'Zipper 6-13'!A28:F69,2,0) -> #N/A | F28: BCS11407
A29: 10.226.9.90 | B29: C066FDTICAPLN (SM) | C29: This IP is apparently in use, but it has not been assigned (since 061113) | D29: =VLOOKUP(A29,Chris!A:F,2,0) -> C111JEMICAPLN | E29: =VLOOKUP(A29,'Zipper 6-13'!A29:F70,2,0) -> #N/A
A30: 10.226.9.144 | B30: C948DAO | C30: This IP's assignment information does not match DNS or ServiceManager (since 061113) | D30: =VLOOKUP(A30,Chris!A:F,2,0) -> C948DAQ | E30: =VLOOKUP(A30,'Zipper 6-13'!A30:F71,2,0) -> #N/A | F30: BCS11407
A31: 163.231.94.89 | B31: eg-hdsadm-a04.int.westgroup.com | C31: Does not respond to ping (since 030313) | D31: =VLOOKUP(A31,Chris!A:F,2,0) -> eg-hdsadm-a04.int.westgroup.com | E31: =VLOOKUP(A31,'Zipper 6-13'!A31:F72,2,0) -> #N/A | F31: ???

Sheet Zipper 6-25
A1: IPAddress | B1: Hostname | C1: Description | D1: Compared | E1: Notes | F1: Action Taken
A2: 10.51.0.21 | B2: pvdr.int.thomsonreuters.com | C2: This IP's assignment information does not match DNS or ServiceManager (since 050713) | D2: =VLOOKUP(A2,Chris!A:F,1,0) -> 10.51.0.21
A3: 10.52.128.60 | B3: C111PESCSDBB1 | C3: Does not respond to ping (since 012913) | D3: =VLOOKUP(A3,Chris!A:F,1,0) -> 10.52.128.60
A4: 10.52.128.61 | B4: C111XZZOFDBB1 | C4: Does not respond to ping (since 012913) | D4: =VLOOKUP(A4,Chris!A:F,1,0) -> 10.52.128.61
A5: 10.52.128.67 | B5: C574KEXOFDBB2 | C5: Does not respond to ping (since 012913) | D5: =VLOOKUP(A5,Chris!A:F,1,0) -> 10.52.128.67
A6: 10.52.128.69 | B6: C613QFPCSDBB2 | C6: Does not respond to ping (since 012913) | D6: =VLOOKUP(A6,Chris!A:F,1,0) -> 10.52.128.69
A7: 10.52.133.58 | B7: c237mkh | C7: Does not respond to ping (since 012913) | D7: =VLOOKUP(A7,Chris!A:F,1,0) -> 10.52.133.58
A8: 10.52.133.59 | B8: c946wpw | C8: Does not respond to ping (since 012913) | D8: =VLOOKUP(A8,Chris!A:F,1,0) -> 10.52.133.59
A9: 10.52.133.60 | B9: c451utq | C9: Does not respond to ping (since 012913) | D9: =VLOOKUP(A9,Chris!A:F,1,0) -> 10.52.133.60
A10: 10.52.133.61 | B10: c662yxu | C10: Does not respond to ping (since 012913) | D10: =VLOOKUP(A10,Chris!A:F,1,0) -> 10.52.133.61
A11: 10.52.133.66 | B11: C582MCK | C11: Does not respond to ping (since 012913) | D11: =VLOOKUP(A11,Chris!A:F,1,0) -> 10.52.133.66
A12: 10.52.133.67 | B12: C574KEXOFDBB2 | C12: Does not respond to ping (since 012913) | D12: =VLOOKUP(A12,Chris!A:F,1,0) -> #N/A
A13: 10.52.133.68 | B13: C268CUC | C13: Does not respond to ping (since 012913) | D13: =VLOOKUP(A13,Chris!A:F,1,0) -> 10.52.133.68
... A15: 10.206.19.107 | B15: pvcluster.int.thomsonreuters.com | C15: This IP's assignment information does not match DNS or ServiceManager (since 050713) | D15: =VLOOKUP(A15,Chris!A:F,1,0) -> 10.206.19.107
A16: 10.220.20.141 | B16: EG-ELTVMDV-B12 | C16: Does not respond to ping (since 031213) | D16: =VLOOKUP(A16,Chris!A:F,1,0) -> 10.220.20.141 | E16: CR0502751 | F16: Recycled IP
A17: 10.220.20.142 | B17: EG-ELTVMDV-B13 | C17: Does not respond to ping (since 031213) | D17: =VLOOKUP(A17,Chris!A:F,1,0) -> 10.220.20.142 | E17: CR0502751 | F17: Recycled IP
A18: 10.220.20.143 | B18: eg-eltvmdv-b14 | C18: Does not respond to ping (since 031213) | D18: =VLOOKUP(A18,Chris!A:F,1,0) -> 10.220.20.143 | E18: CR0502751 | F18: Recycled IP
A19: 10.220.20.144 | B19: eg-eltvmdv-b15 | C19: Does not respond to ping (since 031213) | D19: =VLOOKUP(A19,Chris!A:F,1,0) -> 10.220.20.144 | E19: CR0502751 | F19: Recycled IP
A20: 10.51.5.129 | B20: c241ztuu2tmg1.erf.thomson.com | C20: This IP's assignment information does not match DNS or ServiceManager (since 050313) | D20: =VLOOKUP(A20,Chris!A:F,1,0) -> 10.51.5.129
A21: 10.51.5.130 | B21: c671ppvu2tmg2.erf.thomson.com | C21: This IP's assignment information does not match DNS or ServiceManager (since 050913) | D21: =VLOOKUP(A21,Chris!A:F,1,0) -> 10.51.5.130
A22: 10.52.130.98 | B22: C265EZJGRCSNP | C22: Does not respond to ping (since 012913) | D22: =VLOOKUP(A22,Chris!A:F,1,0) -> 10.52.130.98
A23: 10.52.134.51 | B23: C111UBRLHUB03 | C23: Does not respond to ping (since 012913) | D23: =VLOOKUP(A23,Chris!A:F,1,0) -> 10.52.134.51
A24: 10.52.142.57 | B24: C828QPKQFS02 | C24: Does not respond to ping (since 021213) | D24: =VLOOKUP(A24,Chris!A:F,1,0) -> 10.52.142.57
A25: 10.55.129.7 | B25: c951jrx.mgmt.tlrg.com | C25: This IP's assignment information does not match DNS or ServiceManager (since 030113) | D25: =VLOOKUP(A25,Chris!A:F,1,0) -> 10.55.129.7
A26: 10.59.176.75 | B26: RA-C888UXQMPUB01 | C26: Does not respond to ping (since 020513) | D26: =VLOOKUP(A26,Chris!A:F,1,0) -> 10.59.176.75
A27: 10.204.32.129 | B27: c696xvjtftta.tlr.thomson.com | C27: This IP's assignment information does not match DNS or ServiceManager (since 051313) | D27: =VLOOKUP(A27,Chris!A:F,1,0) -> 10.204.32.129
A28: 10.204.64.96 | B28: c221dyhegnd06.tlr.thomson.com | C28: This IP's assignment information does not match DNS or ServiceManager (since 021213) | D28: =VLOOKUP(A28,Chris!A:F,1,0) -> 10.204.64.96
A29: 10.204.64.97 | B29: c494hqvegnd07.tlr.thomson.com | C29: This IP's assignment information does not match DNS or ServiceManager (since 021213) | D29: =VLOOKUP(A29,Chris!A:F,1,0) -> 10.204.64.97
A30: 10.204.64.100 | B30: c290fscegnd10.tlr.thomson.com | C30: This IP's assignment information does not match DNS or ServiceManager (since 021113) | D30: =VLOOKUP(A30,Chris!A:F,1,0) -> 10.204.64.100
A31: 10.204.64.114 | B31: c014mszgrdb2e | C31: Does not respond to ping (since 011113) | D31: =VLOOKUP(A31,Chris!A:F,1,0) -> 10.204.64.114
... A33: 10.215.31.40 | B33: c234qgj.ecom.tlrg.com | C33: This IP's assignment information does not match DNS or ServiceManager (since 032513) | D33: =VLOOKUP(A33,Chris!A:F,1,0) -> 10.215.31.40
A34: 10.221.64.115 | B34: EG-SWGADM-B01 | C34: Does not respond to ping (since 031013) | D34: =VLOOKUP(A34,Chris!A:F,1,0) -> 10.221.64.115 | E34: P2V | F34: Recycled IP
A35: 10.221.68.4 | B35: EG-SWGADM-A02 | C35: Does not respond to ping (since 031113) | D35: =VLOOKUP(A35,Chris!A:F,1,0) -> 10.221.68.4 | E35: P2V | F35: Recycled IP
A36: 10.225.4.136 | B36: tss1vdev0104.tshhosting.com | C36: Does not respond to ping (since 120712) | D36: =VLOOKUP(A36,Chris!A:F,1,0) -> 10.225.4.136
A37: 10.226.50.195 | B37: C837PNSBLWEB | C37: Does not respond to ping (since 031513) | D37: =VLOOKUP(A37,Chris!A:F,1,0) -> 10.226.50.195 | E37: VLAN Change | F37: Recycled IP
A38: 163.231.83.217 | B38: pfsso.int.thomsonreuters.com | C38: Does not respond to ping (since 011213) | D38: =VLOOKUP(A38,Chris!A:F,1,0) -> 163.231.83.217
A39: 163.231.94.89 | B39: eg-hdsadm-a04.int.westgroup.com | C39: Does not respond to ping (since 030313) | D39: =VLOOKUP(A39,Chris!A:F,1,0) -> 163.231.94.89
A40: 163.231.99.40 | B40: koro | C40: Does not respond to ping (since 020413) | D40: =VLOOKUP(A40,Chris!A:F,1,0) -> 163.231.99.40
A41: 192.168.250.129 | B41: tok1-dist1.tfn.com | C41: This IP's assignment information does not match DNS or ServiceManager (since 113012) | D41: =VLOOKUP(A41,Chris!A:F,1,0) -> 192.168.250.129
A42: 192.168.250.131 | B42: aujpjptokdaiwcp-a01.tfn.com | C42: This IP's assignment information does not match DNS or ServiceManager (since 113012) | D42: =VLOOKUP(A42,Chris!A:F,1,0) -> 192.168.250.131

Sheet Zipper 7-2
A1: IPAddress | B1: Hostname | C1: Description | D1: Compared | E1: Notes | F1: Action Taken
A2: 192.168.250.129 | B2: tok1-dist1.tfn.com | C2: This IP's assignment information does not match DNS or ServiceManager (since 113012) | D2: =VLOOKUP(A2,Chris!A3:A80,1,0) -> 192.168.250.129
A3: 192.168.250.131 | B3: aujpjptokdaiwcp-a01.tfn.com | C3: This IP's assignment information does not match DNS or ServiceManager (since 113012) | D3: =VLOOKUP(A3,Chris!A4:A80,1,0) -> 192.168.250.131
A4: 10.51.0.21 | B4: pvdr.int.thomsonreuters.com | C4: This IP's assignment information does not match DNS or ServiceManager (since 050713) | D4: =VLOOKUP(A4,Chris!A5:A81,1,0) -> 10.51.0.21
A5: 10.52.128.60 | B5: C111PESCSDBB1 | C5: Does not respond to ping (since 012913) | D5: =VLOOKUP(A5,Chris!A6:A82,1,0) -> 10.52.128.60
A6: 10.52.128.61 | B6: C111XZZOFDBB1 | C6: Does not respond to ping (since 012913) | D6: =VLOOKUP(A6,Chris!A7:A83,1,0) -> 10.52.128.61
A7: 10.52.128.67 | B7: C574KEXOFDBB2 | C7: Does not respond to ping (since 012913) | D7: =VLOOKUP(A7,Chris!A8:A84,1,0) -> 10.52.128.67
A8: 10.52.128.69 | B8: C613QFPCSDBB2 | C8: Does not respond to ping (since 012913) | D8: =VLOOKUP(A8,Chris!A9:A85,1,0) -> 10.52.128.69
A9: 10.52.133.58 | B9: c237mkh | C9: Does not respond to ping (since 012913) | D9: =VLOOKUP(A9,Chris!A10:A86,1,0) -> 10.52.133.58
A10: 10.52.133.59 | B10: c946wpw | C10: Does not respond to ping (since 012913) | D10: =VLOOKUP(A10,Chris!A11:A87,1,0) -> 10.52.133.59
A11: 10.52.133.60 | B11: c451utq | C11: Does not respond to ping (since 012913) | D11: =VLOOKUP(A11,Chris!A12:A88,1,0) -> 10.52.133.60
A12: 10.52.133.61 | B12: c662yxu | C12: Does not respond to ping (since 012913) | D12: =VLOOKUP(A12,Chris!A13:A89,1,0) -> 10.52.133.61
A13: 10.52.133.66 | B13: C582MCK | C13: Does not respond to ping (since 012913) | D13: =VLOOKUP(A13,Chris!A14:A90,1,0) -> #N/A
A14: 10.52.133.67 | B14: C574KEXOFDBB2 | C14: Does not respond to ping (since 012913) | D14: =VLOOKUP(A14,Chris!A15:A91,1,0) -> #N/A
... A16: 10.52.133.69 | B16: C613QFPCSDBB2 | C16: Does not respond to ping (since 012913) | D16: =VLOOKUP(A16,Chris!A17:A93,1,0) -> #N/A
A17: 10.206.19.107 | B17: pvcluster | C17: This IP's assignment information does not match DNS or ServiceManager (since 050713) | D17: =VLOOKUP(A17,Chris!A18:A94,1,0) -> 10.206.19.107 | F17: DNS Changed SM
A18: 10.220.20.141 | B18: EG-ELTVMDV-B12 | C18: Does not respond to ping (since 031213) | D18: =VLOOKUP(A18,Chris!A19:A95,1,0) -> 10.220.20.141 | F18: Recycled IP
A19: 10.220.20.142 | B19: EG-ELTVMDV-B13 | C19: Does not respond to ping (since 031213) | D19: =VLOOKUP(A19,Chris!A20:A96,1,0) -> 10.220.20.142 | F19: Recycled IP
A20: 10.220.20.143 | B20: eg-eltvmdv-b14 | C20: Does not respond to ping (since 031213) | D20: =VLOOKUP(A20,Chris!A21:A97,1,0) -> 10.220.20.143 | F20: Recycled IP
A21: 10.220.20.144 | B21: eg-eltvmdv-b15 | C21: Does not respond to ping (since 031213) | D21: =VLOOKUP(A21,Chris!A22:A98,1,0) -> 10.220.20.144 | F21: Recycled IP
A22: 10.220.24.231 | B22: EG-TFSSQLD-B01 | C22: Does not respond to ping (since 031913) | D22: =VLOOKUP(A22,Chris!A23:A99,1,0) -> #N/A | E22: Retired | F22: Recycled IP
A23: 10.220.94.42 | B23: EG-TFSSQL-A02 | C23: Does not respond to ping (since 031913) | D23: =VLOOKUP(A23,Chris!A24:A100,1,0) -> #N/A | E23: Retired | F23: Recycled IP
A24: 167.68.238.194 | B24: eg-carstwb-a03 | C24: Does not respond to ping (since 031913) | D24: =VLOOKUP(A24,Chris!A25:A101,1,0) -> #N/A | E24: Retired | F24: Recycled IP
A25: 167.68.238.195 | B25: eg-carstwb-a03 | C25: Does not respond to ping (since 031913) | D25: =VLOOKUP(A25,Chris!A26:A102,1,0) -> #N/A | E25: Retired | F25: Recycled IP
A26: 10.51.2.74 | B26: c711tmecmgs01 | C26: Does not respond to ping (since 032113) | D26: =VLOOKUP(A26,Chris!A27:A103,1,0) -> #N/A | E26: BCS09360 | F26: IP Online
A27: 10.52.130.98 | B27: C265EZJGRCSNP | C27: Does not respond to ping (since 012913) | D27: =VLOOKUP(A27,Chris!A28:A104,1,0) -> 10.52.130.98
A28: 10.52.134.51 | B28: C111UBRLHUB03 | C28: Does not respond to ping (since 012913) | D28: =VLOOKUP(A28,Chris!A29:A105,1,0) -> 10.52.134.51
A29: 10.52.142.43 | B29: c720bvwcmgs01 | C29: Does not respond to ping (since 032113) | D29: =VLOOKUP(A29,Chris!A30:A106,1,0) -> #N/A | E29: BCS09309 | F29: IP Online
A30: 10.52.142.57 | B30: C828QPKQFS02 | C30: Does not respond to ping (since 021213) | D30: =VLOOKUP(A30,Chris!A31:A107,1,0) -> 10.52.142.57
A31: 10.55.129.7 | B31: c951jrx.mgmt.tlrg.com | C31: This IP's assignment information does not match DNS or ServiceManager (since 030113) | D31: =VLOOKUP(A31,Chris!A32:A108,1,0) -> #N/A
A32: 10.59.176.75 | B32: RA-C888UXQMPUB01 | C32: Does not respond to ping (since 020513) | D32: =VLOOKUP(A32,Chris!A33:A109,1,0) -> 10.59.176.75
A33: 10.204.32.129 | B33: c696xvjtftta | C33: This IP's assignment information does not match DNS or ServiceManager (since 051313) | D33: =VLOOKUP(A33,Chris!A34:A110,1,0) -> #N/A | F33: Update DNS (SM)
A34: 10.204.64.96 | B34: c221dyhegnd06 | C34: This IP's assignment information does not match DNS or ServiceManager (since 021213) | D34: =VLOOKUP(A34,Chris!A35:A111,1,0) -> #N/A | F34: Update DNS (SM)
A35: 10.204.64.97 | B35: c494hqvegnd07 | C35: This IP's assignment information does not match DNS or ServiceManager (since 021213) | D35: =VLOOKUP(A35,Chris!A36:A112,1,0) -> #N/A | F35: Update DNS (SM)
A36: 10.204.64.100 | B36: c290fscegnd10 | C36: This IP's assignment information does not match DNS or ServiceManager (since 021113) | D36: =VLOOKUP(A36,Chris!A37:A113,1,0) -> #N/A | F36: Update DNS (SM)
A37: 10.204.64.114 | B37: c014mszgrdb2e | C37: Does not respond to ping (since 011113) | D37: =VLOOKUP(A37,Chris!A38:A114,1,0) -> #N/A | E37: Moved | F37: Recycled IP
A38: 10.204.64.115 | B38: c329hbvgrdb2f | C38: Does not respond to ping (since 011113) | D38: =VLOOKUP(A38,Chris!A39:A115,1,0) -> #N/A | E38: Moved | F38: Recycled IP
A39: 10.205.69.10 | B39: boardlinkdav-dev | C39: This IP's assignment information does not match DNS or ServiceManager (since 062713) | D39: =VLOOKUP(A39,Chris!A40:A116,1,0) -> #N/A | E39: No SM | F39: IP Online
A40: 10.206.16.214 | B40: cubiscan-test | C40: This IP's assignment information does not match DNS or ServiceManager (since 070113) | D40: =VLOOKUP(A40,Chris!A41:A117,1,0) -> #N/A | E40: No SM | F40: IP Online
A41: 10.215.31.40 | B41: c234qgj | C41: This IP's assignment information does not match DNS or ServiceManager (since 032513) | D41: =VLOOKUP(A41,Chris!A42:A118,1,0) -> #N/A | F41: Update DNS (SM)
A42: 10.221.65.41 | B42: EG-TASQL-B01 | C42: Does not respond to ping (since 031813) | D42: =VLOOKUP(A42,Chris!A43:A119,1,0) -> #N/A | E42: IP Recycled? | F42: Update DNS (SM)
A43: 10.225.4.136 | B43: tss1vdev0104 | C43: Does not respond to ping (since 120712) | D43: =VLOOKUP(A43,Chris!A44:A120,1,0) -> #N/A
A44: 163.231.83.217 | B44: pfsso | C44: Does not respond to ping (since 011213) | D44: =VLOOKUP(A44,Chris!A45:A121,1,0) -> 163.231.83.217
A45: 163.231.94.89 | B45: eg-hdsadm-a04.int.westgroup.com | C45: Does not respond to ping (since 030313) | D45: =VLOOKUP(A45,Chris!A46:A122,1,0) -> 163.231.94.89
A46: 163.231.99.40 | B46: koro | C46: Does not respond to ping (since 020413) | D46: =VLOOKUP(A46,Chris!A47:A123,1,0) -> 163.231.99.40

Sheet Zipper 7-9
A1: IPAddress | B1: Hostname | C1: Description | D1: Compared | E1: Notes | F1: Action Taken
A2: 10.213.24.223 | B2: ra-eg-gfrfts-h04 | C2: Does not respond to ping (since 032613) | D2: =VLOOKUP(A2,Chris!A2:A80,1,0) -> #N/A | E2: Decommisssioned? | F2: Recycled IP
A3: 10.213.24.224 | B3: ra-eg-gfrfts-h08 | C3: Does not respond to ping (since 032413) | D3: =VLOOKUP(A3,Chris!A3:A80,1,0) -> #N/A | E3: Decommisssioned? | F3: Recycled IP
A4: 10.213.24.230 | B4: ra-eg-gfrfts-h09 | C4: Does not respond to ping (since 032413) | D4: =VLOOKUP(A4,Chris!A4:A81,1,0) -> #N/A | E4: Decommisssioned? | F4: Recycled IP
A5: 10.213.24.231 | B5: ra-eg-gfrsql-h05 | C5: Does not respond to ping (since 032513) | D5: =VLOOKUP(A5,Chris!A5:A82,1,0) -> #N/A | E5: Decommisssioned? | F5: Recycled IP
A6: 10.213.24.232 | B6: ra-eg-gfrsql-h06 | C6: Does not respond to ping (since 032413) | D6: =VLOOKUP(A6,Chris!A6:A83,1,0) -> #N/A | E6: Decommisssioned? | F6: Recycled IP
A7: 192.168.250.131 | B7: aujpjptokdaiwcp-a01.tfn.com | C7: This IP's assignment information does not match DNS or ServiceManager (since 113012) | D7: =VLOOKUP(A7,Chris!A7:A84,1,0) -> 192.168.250.131
A8: 10.51.2.74 | B8: c711tmecmgs01.ten.thomsonreuters.com | C8: Does not respond to ping (since 032113) | D8: =VLOOKUP(A8,Chris!A8:A85,1,0) -> #N/A | E8: Decommissioned | F8: Recycled IP
A9: 10.51.5.18 | B9: C824XWEMPUB03 | C9: Does not respond to ping (since 032813) | D9: =VLOOKUP(A9,Chris!A9:A86,1,0) -> #N/A | E9: Shows as 10.51.8.10 | F9: Recycled IP
A10: 10.52.130.98 | B10: C265EZJGRCSNP | C10: Does not respond to ping (since 012913) | D10: =VLOOKUP(A10,Chris!A10:A87,1,0) -> 10.52.130.98
A11: 10.52.134.51 | B11: C111UBRLHUB03 | C11: Does not respond to ping (since 012913) | D11: =VLOOKUP(A11,Chris!A11:A88,1,0) -> 10.52.134.51
A12: 10.52.142.43 | B12: c720bvwcmgs01.ten.thomsonreuters.com | C12: Does not respond to ping (since 032113) | D12: =VLOOKUP(A12,Chris!A12:A89,1,0) -> #N/A | E12: Decommissioned | F12: Recycled IP
A13: 10.52.142.57 | B13: C828QPKQFS02 | C13: Does not respond to ping (since 021213) | D13: =VLOOKUP(A13,Chris!A13:A90,1,0) -> 10.52.142.57
A14: 10.59.176.75 | B14: RA-C888UXQMPUB01 | C14: Does not respond to ping (since 020513) | D14: =VLOOKUP(A14,Chris!A14:A91,1,0) -> 10.59.176.75
A15: 10.176.53.226 | B15: EG-J3RSQLQA-A01 | C15: Does not respond to ping (since 032913) | D15: =VLOOKUP(A15,Chris!A15:A92,1,0) -> #N/A | E15: Decommissioned | F15: Recycled IP
A16: 10.220.30.41 | B16: EG-SIRLBQ-B02C | C16: Does not respond to ping (since 032613) | D16: =VLOOKUP(A16,Chris!A25:A102,1,0) -> #N/A | F16: Recycled IP
A17: 10.204.64.96 | B17: c221dyhegnd06.tlr.thomson.com | C17: This IP's assignment information does not match DNS or ServiceManager (since 021213) | D17: =VLOOKUP(A17,Chris!A17:A94,1,0) -> #N/A
A18: 10.204.64.97 | B18: c494hqvegnd07.tlr.thomson.com | C18: This IP's assignment information does not match DNS or ServiceManager (since 021213) | D18: =VLOOKUP(A18,Chris!A18:A95,1,0) -> #N/A
A19: 10.52.130.59 | B19: C946WPW | C19: Does not respond to ping (since 032713) | D19: =VLOOKUP(A19,Chris!A33:A110,1,0) -> #N/A | E19: Decommissioned | F19: Recycled IP
A20: 10.52.130.61 | B20: C662YXU | C20: Does not respond to ping (since 032713) | D20: =VLOOKUP(A20,Chris!A34:A111,1,0) -> #N/A | E20: Decommissioned | F20: Recycled IP
A21: 10.221.253.190 | B21: EG-TFSSQL-A02 | C21: Does not respond to ping (since 032913) | D21: =VLOOKUP(A21,Chris!A36:A113,1,0) -> #N/A | E21: Decommissioned | F21: Recycled IP
A22: 10.204.32.129 | B22: c696xvjtftta.tlr.thomson.com | C22: This IP's assignment information does not match DNS or ServiceManager (since 051313) | D22: =VLOOKUP(A22,Chris!A16:A93,1,0) -> #N/A | E22: Change DNS
A23: 10.204.64.100 | B23: c290fscegnd10.tlr.thomson.com | C23: This IP's assignment information does not match DNS or ServiceManager (since 021113) | D23: =VLOOKUP(A23,Chris!A19:A96,1,0) -> #N/A | E23: Change DNS
A24: 10.215.31.40 | B24: c234qgj.ecom.tlrg.com | C24: This IP's assignment information does not match DNS or ServiceManager (since 032513) | D24: =VLOOKUP(A24,Chris!A24:A101,1,0) -> #N/A
A25: 10.204.66.48 | B25: testserver14 | C25: Does not respond to ping (since 032513) | D25: =VLOOKUP(A25,Chris!A20:A97,1,0) -> #N/A
A26: 10.205.69.10 | B26: boardlinkdav-dev.accelus.com | C26: This IP's assignment information does not match DNS or ServiceManager (since 062713) | D26: =VLOOKUP(A26,Chris!A21:A98,1,0) -> #N/A | E26: No SM
A27: 10.206.16.3 | B27: powerapp.int.westgroup.com | C27: This IP's assignment information does not match DNS or ServiceManager (since 070613) | D27: =VLOOKUP(A27,Chris!A22:A99,1,0) -> #N/A | E27: No SM
A28: 10.206.16.214 | B28: cubiscan-test.int.westgroup.com | C28: This IP's assignment information does not match DNS or ServiceManager (since 070113) | D28: =VLOOKUP(A28,Chris!A23:A100,1,0) -> #N/A | E28: No SM
A29: 163.231.83.217 | B29: pfsso.int.thomsonreuters.com | C29: Does not respond to ping (since 011213) | D29: =VLOOKUP(A29,Chris!A29:A106,1,0) -> 163.231.83.217
A30: 163.231.94.89 | B30: eg-hdsadm-a04.int.westgroup.com | C30: Does not respond to ping (since 030313) | D30: =VLOOKUP(A30,Chris!A30:A107,1,0) -> 163.231.94.89
A31: 163.231.99.40 | B31: koro | C31: Does not respond to ping (since 020413) | D31: =VLOOKUP(A31,Chris!A31:A108,1,0) -> 163.231.99.40
A32: 10.51.0.21 | B32: pvdr.int.thomsonreuters.com | C32: This IP's assignment information does not match DNS or ServiceManager (since 050713) | D32: =VLOOKUP(A32,Chris!A32:A109,1,0) -> 10.51.0.21
A33: 10.225.4.136 | B33: tss1vdev0104 | C33: Does not respond to ping (since 120712) | D33: =VLOOKUP(A33,Chris!A26:A103,1,0) -> #N/A
A34: 10.226.50.178 | B34: boardlinkservices-qa.accelus.eu | C34: This IP's assignment information does not match DNS or ServiceManager (since 070313) | D34: =VLOOKUP(A34,Chris!A27:A104,1,0) -> #N/A | E34: No SM
A35: 10.226.50.179 | B35: boardlinkdav-qa.accelus.eu | C35: This IP's assignment information does not match DNS or ServiceManager (since 070313) | D35: =VLOOKUP(A35,Chris!A28:A105,1,0) -> #N/A | E35: No SM
A36: 10.206.19.107 | B36: pvcluster.int.thomsonreuters.com | C36: This IP's assignment information does not match DNS or ServiceManager (since 050713) | D36: =VLOOKUP(A36,Chris!A35:A112,1,0) -> #N/A

Sheet Zipper 7-16
A1: IPAddress | B1: Hostname | C1: Description | D1: Compared | E1: Notes | F1: Action Taken
A2: 10.51.1.10 | B2: C239DYHEXOLP2 | C2: This IP's assignment information does not match DNS or ServiceManager (since 071413) | D2: =VLOOKUP(A2,Chris!A3:A80,1,0) -> #N/A | E2: Decommission | F2: Recycled IP
A3: 10.51.1.11 | B3: C534JRVEXSQL2 | C3: This IP's assignment information does not match DNS or ServiceManager (since 071313) | D3: =VLOOKUP(A3,Chris!A4:A80,1,0) -> 10.51.1.11 | E3: Decommission | F3: Recycled IP
A4: 10.51.8.80 | B4: C111WFXEMBX73 | C4: Does not respond to ping (since 040413) | D4: =VLOOKUP(A4,Chris!A5:A81,1,0) -> #N/A | E4: No SM Record
A5: 10.52.130.98 | B5: C265EZJGRCSNP | C5: Does not respond to ping (since 012913) | D5: =VLOOKUP(A5,Chris!A6:A82,1,0) -> 10.52.130.98
A6: 10.52.134.51 | B6: C111UBRLHUB03 | C6: Does not respond to ping (since 012913) | D6: =VLOOKUP(A6,Chris!A7:A83,1,0) -> 10.52.134.51
A7: 10.52.142.39 | B7: C382VBHAVNS01 | C7: Does not respond to ping (since 040513) | D7: =VLOOKUP(A7,Chris!A8:A84,1,0) -> #N/A | E7: Contact Windows Tcash
A8: 10.52.142.40 | B8: C531ZENAVNS02 | C8: Does not respond to ping (since 040513) | D8: =VLOOKUP(A8,Chris!A9:A85,1,0) -> #N/A | E8: New IP Address | F8: Recycled IP
A9: 10.52.142.41 | B9: C701SMEAVOS01 | C9: Does not respond to ping (since 040513) | D9: =VLOOKUP(A9,Chris!A10:A86,1,0) -> #N/A | E9: New IP Address | F9: Recycled IP
A10: 10.52.142.57 | B10: C828QPKQFS02 | C10: Does not respond to ping (since 021213) | D10: =VLOOKUP(A10,Chris!A11:A87,1,0) -> 10.52.142.57
A11: 10.59.176.75 | B11: RA-C888UXQMPUB01 | C11: Does not respond to ping (since 020513) | D11: =VLOOKUP(A11,Chris!A12:A88,1,0) -> 10.59.176.75
A12: 10.204.64.96 | B12: c221dyhegnd06.tlr.thomson.com | C12: This IP's assignment information does not match DNS or ServiceManager (since 021213) | D12: =VLOOKUP(A12,Chris!A13:A89,1,0) -> 10.204.64.96
A13: 10.204.64.97 | B13: c494hqvegnd07.tlr.thomson.com | C13: This IP's assignment information does not match DNS or ServiceManager (since 021213) | D13: =VLOOKUP(A13,Chris!A14:A90,1,0) -> 10.204.64.97
A14: 10.204.66.48 | B14: testserver14 | C14: Does not respond to ping (since 032513) | D14: =VLOOKUP(A14,Chris!A15:A91,1,0) -> #N/A
A15: 10.205.50.25 | B15: C111TVM | C15: This IP's assignment information does not match DNS or ServiceManager (since 071313) | D15: =VLOOKUP(A15,Chris!A16:A92,1,0) -> #N/A | E15: Decommissioned | F15: Recycled IP
A16: 10.205.69.10 | B16: boardlinkdav-dev.accelus.com | C16: This IP's assignment information does not match DNS or ServiceManager (since 062713) | D16: =VLOOKUP(A16,Chris!A17:A93,1,0) -> #N/A | E16: Contact Joe Bruns - Decommission | F16: Recycled IP
A17: 10.206.16.3 | B17: powerapp.int.westgroup.com | C17: This IP's assignment information does not match DNS or ServiceManager (since 070613) | D17: =VLOOKUP(A17,Chris!A18:A94,1,0) -> #N/A | E17: C111DUT / Melissa
A18: 10.206.169.10 | B18: N-C111VFSPMBS09 | C18: Does not respond to ping (since 040613) | D18: =VLOOKUP(A18,Chris!A19:A95,1,0) -> #N/A | E18: Decommissioned | F18: Recycled IP
A19: 10.206.169.11 | B19: N-C111XHUPMBS10 | C19: Does not respond to ping (since 040613) | D19: =VLOOKUP(A19,Chris!A20:A96,1,0) -> #N/A | E19: Decommissioned | F19: Recycled IP
A20: 10.206.169.18 | B20: C111DJWHMBX77 | C20: Does not respond to ping (since 040613) | D20: =VLOOKUP(A20,Chris!A21:A97,1,0) -> #N/A | E20: New IP Address | F20: Recycled IP
A21: 10.215.31.40 | B21: c234qgj.ecom.tlrg.com | C21: This IP's assignment information does not match DNS or ServiceManager (since 032513) | D21: =VLOOKUP(A21,Chris!A22:A98,1,0) -> 10.215.31.40
A22: 10.220.30.41 | B22: EG-SIRLBQ-B02C | C22: Does not respond to ping (since 032613) | D22: =VLOOKUP(A22,Chris!A23:A99,1,0) -> #N/A | E22: Decommissioned | F22: Recycled IP
A23: 10.220.51.144 | B23: RA-EG-CRMQA-B23 | C23: Does not respond to ping (since 040613) | D23: =VLOOKUP(A23,Chris!A24:A100,1,0) -> #N/A | E23: Decommissioned | F23: Recycled IP
A24: 10.220.172.1 | B24: c111vtv | C24: Does not respond to ping (since 040213) | D24: =VLOOKUP(A24,Chris!A25:A101,1,0) -> #N/A | E24: Contact Nick Robbins - ReDeployed | F24: Recycled IP
A25: 10.221.250.97 | B25: RA-EG-CRM-B25 | C25: Does not respond to ping (since 040613) | D25: =VLOOKUP(A25,Chris!A26:A102,1,0) -> #N/A | F25: Recycled IP
A26: 10.225.4.136 | B26: tss1vdev0104 | C26: Does not respond to ping (since 120712) | D26: =VLOOKUP(A26,Chris!A27:A103,1,0) -> #N/A | F26: Recycled IP
A27: 10.226.50.178 | B27: boardlinkservices-qa.accelus.eu | C27: This IP's assignment information does not match DNS or ServiceManager (since 070313) | D27: =VLOOKUP(A27,Chris!A28:A104,1,0) -> #N/A
A28: 10.226.50.179 | B28: boardlinkdav-qa.accelus.eu | C28: This IP's assignment information does not match DNS or ServiceManager (since 070313) | D28: =VLOOKUP(A28,Chris!A29:A105,1,0) -> #N/A
A29: 163.231.23.4 | B29: EAGE-ERFPMBS14 | C29: Does not respond to ping (since 040613) | D29: =VLOOKUP(A29,Chris!A30:A106,1,0) -> #N/A | E29: Decommissioned | F29: Recycled IP
A30: 163.231.23.35 | B30: EAGE-ERFPMBS04 | C30: Does not respond to ping (since 040613) | D30: =VLOOKUP(A30,Chris!A31:A107,1,0) -> #N/A | E30: Decommissioned | F30: Recycled IP
A31: 163.231.23.53 | B31: c111wfxembx73 | C31: Does not respond to ping (since 040613) | D31: =VLOOKUP(A31,Chris!A32:A108,1,0) -> #N/A
A32: 163.231.23.68 | B32: EAGE-ERFPMBS06 | C32: Does not respond to ping (since 040613) | D32: =VLOOKUP(A32,Chris!A33:A109,1,0) -> #N/A | E32: Decommissioned | F32: Recycled IP
A33: 163.231.29.200 | B33: C111VFSPMBS09 | C33: Does not respond to ping (since 040613) | D33: =VLOOKUP(A33,Chris!A34:A110,1,0) -> #N/A | E33: Decommissioned | F33: Recycled IP
A34: 163.231.29.204 | B34: C111XHUPMBS10 | C34: Does not respond to ping (since 040613) | D34: =VLOOKUP(A34,Chris!A35:A111,1,0) -> #N/A | E34: Decommissioned | F34: Recycled IP
A35: 163.231.29.211 | B35: C111DJWHMBX77 | C35: Does not respond to ping (since 040613) | D35: =VLOOKUP(A35,Chris!A36:A112,1,0) -> #N/A | E35: New IP Address | F35: Recycled IP
A36: 163.231.31.136 | B36: C111DQHXBES20 | C36: Does not respond to ping (since 040113) | D36: =VLOOKUP(A36,Chris!A37:A113,1,0) -> #N/A | F36: Recycled IP
A37: 163.231.31.137 | B37: C111GRHXBES21 | C37: Does not respond to ping (since 040113) | D37: =VLOOKUP(A37,Chris!A38:A114,1,0) -> #N/A | E37: V2V | F37: Recycled IP
A38: 163.231.83.217 | B38: pfsso.int.thomsonreuters.com | C38: Does not respond to ping (since 011213) | D38: =VLOOKUP(A38,Chris!A39:A115,1,0) -> 163.231.83.217
A39: 163.231.94.89 | B39: eg-hdsadm-a04.int.westgroup.com | C39: Does not respond to ping (since 030313) | D39: =VLOOKUP(A39,Chris!A40:A116,1,0) -> 163.231.94.89
A40: 163.231.99.40 | B40: koro | C40: Does not respond to ping (since 020413) | D40: =VLOOKUP(A40,Chris!A41:A117,1,0) -> 163.231.99.40
A41: 10.51.0.21 | B41: pvdr.int.thomsonreuters.com | C41: This IP's assignment information does not match DNS or ServiceManager (since 050713) | D41: =VLOOKUP(A41,Chris!A42:A118,1,0) -> 10.51.0.21
A42: 10.206.19.107 | B42: pvcluster.int.thomsonreuters.com | C42: This IP's assignment information does not match DNS or ServiceManager (since 050713) | D42: =VLOOKUP(A42,Chris!A43:A119,1,0) -> #N/A | E42: SM Record Not Correct | F42: Modified IP Address (SM)
A43: 10.220.20.141 | B43: Eg-Eltvmdv-B12 | C43: Does not respond to ping (since 031213) | D43: =VLOOKUP(A43,Chris!A44:A120,1,0) -> #N/A | F43: Recycled IP
A44: 10.220.20.142 | B44: eg-eltvmdv-b13 | C44: Does not respond to ping (since 031213) | D44: =VLOOKUP(A44,Chris!A45:A121,1,0) -> #N/A | F44: Recycled IP
A45: 10.220.20.143 | B45: eg-eltvmdv-b14 | C45: Does not respond to ping (since 031213) | D45: =VLOOKUP(A45,Chris!A46:A122,1,0) -> #N/A | F45: Recycled IP
A46: 10.220.20.144 | B46: Eg-Eltvmdv-B15 | C46: Does not respond to ping (since 031213) | D46: =VLOOKUP(A46,Chris!A47:A123,1,0) -> #N/A | F46: Recycled IP
A47: 10.213.24.224 | B47: ra-eg-gfrfts-h08 | C47: Does not respond to ping (since 032413) | D47: =VLOOKUP(A47,Chris!A48:A124,1,0) -> #N/A
A48: 10.221.241.206 | B48: EG-CTRX-B34 | C48: Does not respond to ping (since 040613) | D48: =VLOOKUP(A48,Chris!A49:A125,1,0) -> 10.221.241.206
A49: 192.168.250.131 | B49: aujpjptokdaiwcp-a01.tfn.com | C49: This IP's assignment information does not match DNS or ServiceManager (since 113012) | D49: =VLOOKUP(A49,Chris!A50:A126,1,0) -> 192.168.250.131

Sheet Zipper 7-23
A1: IPAddress | B1: Hostname | C1: Description | D1: Compared | E1: Notes | F1: Action Taken
A2: 10.51.1.11 | B2: C534JRVEXSQL2 | C2: This IP's assignment information does not match DNS or ServiceManager (since 071313)
A3: 10.51.2.64 | B3: C274CJPQADM01 | C3: Does not respond to ping (since 041213)
A4: 10.51.2.65 | B4: C434FPTSQL02 | C4: Does not respond to ping (since 041113)
A5: 10.51.2.68 | B5: c145dxravcm02 | C5: Does not respond to ping (since 040713)
A6: 10.51.2.69 | B6: c332hbvavns02 | C6: Does not respond to ping (since 040713)
A7: 10.51.2.71 | B7: c169nfhavos01 | C7: Does not respond to ping (since 040713)
A8: 10.51.2.86 | B8: c064kcefsmo01 | C8: Does not respond to ping (since 040713)
A9: 10.51.2.88 | B9: c506nfzprnt01 | C9: Does not respond to ping (since 040713)
A10: 10.51.2.90 | B10: c212pgjtsad01 | C10: Does not respond to ping (since 040713)
A11: 10.51.2.92 | B11: c048ntzqfs02 | C11: Does not respond to ping (since 040713)
A12: 10.51.2.95 | B12: c087xejcmsql1 | C12: Does not respond to ping (since 041113)
A13: 10.51.8.80 | B13: C111WFXEMBX73 | C13: Does not respond to ping (since 040413)
... A26: 10.52.142.55 | B26: C304TZFQFS01 | C26: Does not respond to ping (since 041113)
A27: 10.52.142.56 | B27: C828QPKQFS02 | C27: Does not respond to ping (since 041113) | F27: Recycled IP?
A28: 10.52.142.57 | B28: C828QPKQFS02 | C28: Does not respond to ping (since 021213) | F28: Recycled IP?
A29: 10.59.176.75 | B29: RA-C888UXQMPUB01 | C29: Does not respond to ping (since 020513) | E29: Decommissioned | F29: Recycled IP
A30: 10.204.64.96 | B30: c221dyhegnd06.tlr.thomson.com | C30: This IP's assignment information does not match DNS or ServiceManager (since 021213) | E30: Device Name was not consistant | F30: Changed Device Name banana
A31: 10.204.64.97 | B31: c494hqvegnd07.tlr.thomson.com | C31: This IP's assignment information does not match DNS or ServiceManager (since 021213) | E31: Device Name was not consistant | F31: Changed Device Name banana
A32: 10.204.66.48 | B32: testserver14 | C32: Does not respond to ping (since 032513) | E32: Decommissioned | F32: Recycled IP
A33: 10.206.169.14 | B33: C111BNMHMBX57 | C33: Does not respond to ping (since 040913) | E33: New IP | F33: Recycled IP
A34: 10.213.40.190 | B34: RA-C111CYXEMBX53 | C34: Does not respond to ping (since 040913) | E34: Decommissioned | F34: Recycled IP
A35: 10.215.31.40 | B35: c234qgj.ecom.tlrg.com | C35: This IP's assignment information does not match DNS or ServiceManager (since 032513) | E35: Windows TCASH
A36: 10.216.64.4 | B36: EG-TAWEB-A03 | C36: Does not respond to ping (since 040813) | E36: V2V | F36: Recycled IP
A37: 10.216.64.9 | B37: EG-TAWEB-A02 | C37: Does not respond to ping (since 040813) | E37: V2V | F37: Recycled IP
A38: 10.216.64.11 | B38: eg-taweb-a02 | C38: Does not respond to ping (since 040813) | E38: V2V | F38: Recycled IP
A39: 10.216.64.103 | B39: EG-TAWEB-A03 | C39: Does not respond to ping (since 040813) | E39: New IP Address | F39: Recycled IP
A40: 10.221.253.182 | B40: RA-EG-CRMQA-A22 | C40: Does not respond to ping (since 040913) | E40: Retired | F40: Recycled IP
A41: 10.221.254.146 | B41: EG-CRM-A24 | C41: Does not respond to ping (since 040913) | E41: Decommissioned | F41: Recycled IP
A42: 163.231.21.34 | B42: C111EJEHBES20 | C42: Does not respond to ping (since 041213) | E42: IP address shows 10.51.5.84 | F42: Recycled IP
A43: 163.231.23.51 | B43: c111cyxembx53 | C43: Does not respond to ping (since 040913) | E43: New IP Address | F43: Recycled IP
A44: 163.231.23.53 | B44: c111wfxembx73 | C44: Does not respond to ping (since 040613) | E44: New IP Address | F44: Recycled IP
A45: 163.231.29.209 | B45: C111BNMHMBX57 | C45: Does not respond to ping (since 040913) | E45: New IP Address | F45: Recycled IP
A46: 163.231.99.40 | B46: koro | C46: Does not respond to ping (since 020413) | E46: New IP address | F46: Recycled IP Address
A47: 10.220.48.140 | B47: RA-EG-CRMSQLDV-B13 | C47: Does not respond to ping (since 041213) | E47: Decommissioned | F47: Recycled IP
A48: 10.221.241.206 | B48: EG-CTRX-B34 | C48: Does not respond to ping (since 040613) | F48: Recycled IP
A49: 10.221.253.123 | B49: EG-CRMQA-A20 | C49: Does not respond to ping (since 041113) | E49: Decommission | F49: Recycled IP
A50: 192.168.250.131 | B50: aujpjptokdaiwcp-a01.tfn.com | C50: This IP's assignment information does not match DNS or ServiceManager (since 113012) | F50: Recycled IP
A51: 10.206.16.3 | B51: powerapp.int.westgroup.com | C51: This IP's assignment information does not match DNS or ServiceManager (since 070613) | E51: Windows TCASH | F51: Chad Brochill
A52: 10.206.16.20 | B52: rsgprod-test.int.westgroup.com | C52: This IP's assignment information does not match DNS or ServiceManager (since 071213) | E52: Windows TCASH | F52: Chad Brochill
A53: 10.226.50.178 | B53: boardlinkservices-qa.accelus.eu | C53: This IP's assignment information does not match DNS or ServiceManager (since 070313) | E53: Windows TCASH | F53: Chad Brochill
A54: 10.226.50.179 | B54: boardlinkdav-qa.accelus.eu | C54: This IP's assignment information does not match DNS or ServiceManager (since 070313) | E54: Windows TCASH | F54: Chad Brochill
A55: 163.231.83.217 | B55: pfsso.int.thomsonreuters.com | C55: Does not respond to ping (since 011213) | E55: Windows TCASH | F55: Chad Brochill
A56: 163.231.94.89 | B56: eg-hdsadm-a04.int.westgroup.com | C56: Does not respond to ping (since 030313) | E56: Windows TCASH | F56: Chad Brochill
A57: 167.68.251.27 | B57: eg-esmsql-a06 | C57: Does not respond to ping (since 040913) | E57: EMAT
A58: 10.51.0.21 | B58: pvdr.int.thomsonreuters.com | C58: This IP's assignment information does not match DNS or ServiceManager (since 050713) | E58: Windows TCASH | F58: Chad Brochill
A59: 10.206.19.107 | B59: pvcluster.int.thomsonreuters.com | C59: This IP's assignment information does not match DNS or ServiceManager (since 050713) | E59: Windows TCASH | F59: Chad Brochill
A60: 10.205.69.10 | B60: boardlinkdav-dev.accelus.com | C60: This IP's assignment information does not match DNS or ServiceManager (since 062713)

Sheet Zipper 7-30
A1: IPAddress | B1: Hostname | C1: Description | D1: Compared | E1: Notes | F1: Action Taken
A2: 10.213.24.221 | B2: ra-eg-gfrsql-h01 | C2: Does not respond to ping (since 041713) | D2: =VLOOKUP(B2,'Zipper 7-23'!B:B,1,0) -> #N/A | E2: Renamed | F2: Recycled IP
A3: 10.213.24.222 | B3: ra-eg-gfrsql-h02 | C3: Does not respond to ping (since 041613) | D3: =VLOOKUP(B3,'Zipper 7-23'!B:B,1,0) -> #N/A | E3: Renamed | F3: Recycled IP
A4: 10.213.24.226 | B4: ra-eg-gfrsql-h03 | C4: Does not respond to ping (since 041613) | D4: =VLOOKUP(B4,'Zipper 7-23'!B:B,1,0) -> #N/A | E4: Renamed | F4: Recycled IP
A5: 10.213.24.227 | B5: ra-eg-gfrsql-h04 | C5: Does not respond to ping (since 041613) | D5: =VLOOKUP(B5,'Zipper 7-23'!B:B,1,0) -> #N/A | E5: Renamed | F5: Recycled IP
A6: 192.168.250.131 | B6: aujpjptokdaiwcp-a01.tfn.com | C6: This IP's assignment information does not match DNS or ServiceManager (since 113012) | D6: =VLOOKUP(B6,'Zipper 7-23'!B:B,1,0) -> aujpjptokdaiwcp-a01.tfn.com | E6: Contacted ITS-MDS-DIR
A7: 10.51.0.21 | B7: pvdr.int.thomsonreuters.com | C7: This IP's assignment information does not match DNS or ServiceManager (since 050713) | D7: =VLOOKUP(B7,'Zipper 7-23'!B:B,1,0) -> pvdr.int.thomsonreuters.com | E7: Windows TCASH | F7: Chad Brochill
A8: 10.51.7.27 | B8: stargazerc1.tlr.thomson.com | C8: This IP's assignment information does not match DNS or ServiceManager (since 072613) | D8: =VLOOKUP(B8,'Zipper 7-23'!B:B,1,0) -> #N/A | E8: Mike Schmidt | F8: No Action Taken
A9: 10.51.7.28 | B9: stargazerc2.tlr.thomson.com | C9: This IP's assignment information does not match DNS or ServiceManager (since 072613) | D9: =VLOOKUP(B9,'Zipper 7-23'!B:B,1,0) -> #N/A | E9: Mike Schmidt | F9: No Action Taken
A10: 10.51.7.29 | B10: stargazerc3.tlr.thomson.com | C10: This IP's assignment information does not match DNS or ServiceManager (since 072613) | D10: =VLOOKUP(B10,'Zipper 7-23'!B:B,1,0) -> #N/A | E10: Mike Schmidt | F10: No Action Taken
A11: 10.52.128.54 | B11: C111CRW | C11: Does not respond to ping (since 041713) | D11: =VLOOKUP(B11,'Zipper 7-23'!B:B,1,0) -> #N/A | E11: Decommission | F11: Recycled IP
A12: 10.52.128.64 | B12: C734TJS | C12: Does not respond to ping (since 041713) | D12: =VLOOKUP(B12,'Zipper 7-23'!B:B,1,0) -> #N/A | E12: Decommission | F12: Recycled IP
A13: 10.52.128.65 | B13: C654TPJ | C13: Does not respond to ping (since 041713) | D13: =VLOOKUP(B13,'Zipper 7-23'!B:B,1,0) -> #N/A | E13: Decommission | F13: Recycled IP
A14: 10.52.133.64 | B14: C734TJS | C14: Does not respond to ping (since 041713) | D14: =VLOOKUP(B14,'Zipper 7-23'!B:B,1,0) -> #N/A | E14: Decommission | F14: Recycled IP
A15: 10.52.133.65 | B15: C654TPJ | C15: Does not respond to ping (since 041713) | D15: =VLOOKUP(B15,'Zipper 7-23'!B:B,1,0) -> #N/A | E15: Decommission | F15: Recycled IP
A16: 10.206.19.107 | B16: pvcluster.int.thomsonreuters.com | C16: This IP's assignment information does not match DNS or ServiceManager (since 050713) | D16: =VLOOKUP(B16,'Zipper 7-23'!B:B,1,0) -> pvcluster.int.thomsonreuters.com | E16: Windows TCASH | F16: Chad Brochill
A17: 10.220.20.141 | B17: Eg-Eltvmdv-B12 | C17: Does not respond to ping (since 031213) | D17: =VLOOKUP(B17,'Zipper 7-23'!B:B,1,0) -> #N/A | E17: Decommission | F17: Recycled IP
A18: 10.220.20.142 | B18: eg-eltvmdv-b13 | C18: Does not respond to ping (since 031213) | D18: =VLOOKUP(B18,'Zipper 7-23'!B:B,1,0) -> #N/A | E18: Decommission | F18: Recycled IP
... A20: 10.220.20.144 | B20: Eg-Eltvmdv-B15 | C20: Does not respond to ping (since 031213) | D20: =VLOOKUP(B20,'Zipper 7-23'!B:B,1,0) -> #N/A | E20: Decommission | F20: Recycled IP
A21: 10.51.1.10 | C21: This IP is apparently in use, but it has not been assigned (since 072213) | D21: =VLOOKUP(B21,'Zipper 7-23'!B:B,1,0) -> #N/A | E21: No Information within Banana | F21: Modified Banana record
A22: 10.51.2.66 | B22: c925wraavcm01 | C22: Does not respond to ping (since 041713) | D22: =VLOOKUP(B22,'Zipper 7-23'!B:B,1,0) -> #N/A | E22: Server Moved - New IP | F22: Recycled IP
A23: 10.51.2.67 | B23: c932yskavcm03 | C23: Does not respond to ping (since 041713) | D23: =VLOOKUP(B23,'Zipper 7-23'!B:B,1,0) -> #N/A | E23: Server Moved - New IP | F23: Recycled IP
A24: 10.51.2.70 | B24: c995ksyavns01 | C24: Does not respond to ping (since 041713) | D24: =VLOOKUP(B24,'Zipper 7-23'!B:B,1,0) -> #N/A | E24: Server Moved - New IP | F24: Recycled IP
A25: 10.51.2.72 | B25: c276rhkavos02 | C25: Does not respond to ping (since 041613) | D25: =VLOOKUP(B25,'Zipper 7-23'!B:B,1,0) -> #N/A | E25: Server Moved - New IP | F25: Recycled IP
A26: 10.51.2.73 | B26: c602qjcavos02 | C26: Does not respond to ping (since 041613) | D26: =VLOOKUP(B26,'Zipper 7-23'!B:B,1,0) -> #N/A | E26: Server Moved - New IP | F26: Recycled IP
A27: 10.51.2.75 | B27: c693auwcmmp01 | C27: Does not respond to ping (since 041613) | D27: =VLOOKUP(B27,'Zipper 7-23'!B:B,1,0) -> #N/A | E27: Server Moved - New IP | F27: Recycled IP
A28: 10.51.2.76 | B28: c900xrjcmpp01 | C28: Does not respond to ping (since 041713) | D28: =VLOOKUP(B28,'Zipper 7-23'!B:B,1,0) -> #N/A | E28: Server Moved - New IP | F28: Recycled IP
A29: 10.51.2.77 | B29: c136megcmpr01 | C29: Does not respond to ping (since 041613) | D29: =VLOOKUP(B29,'Zipper 7-23'!B:B,1,0) -> #N/A | E29: Server Moved - New IP | F29: Recycled IP
A30: 10.51.2.78 | B30: c294gaucmsp01 | C30: Does not respond to ping (since 041613) | D30: =VLOOKUP(B30,'Zipper 7-23'!B:B,1,0) -> #N/A | E30: Server Moved - New IP | F30: Recycled IP
A31: 10.51.2.79 | B31: c630bgqcmsp02 | C31: Does not respond to ping (since 041613) | D31: =VLOOKUP(B31,'Zipper 7-23'!B:B,1,0) -> #N/A | E31: Server Moved - New IP | F31: Recycled IP
A32: 10.51.2.80 | B32: c562jswcmup01 | C32: Does not respond to ping (since 041613) | D32: =VLOOKUP(B32,'Zipper 7-23'!B:B,1,0) -> #N/A | E32: Server Moved - New IP | F32: Recycled IP
A33: 10.51.2.87 | B33: c697auwnps01 | C33: Does not respond to ping (since 041713) | D33: =VLOOKUP(B33,'Zipper 7-23'!B:B,1,0) -> #N/A | E33: Server Moved - New IP | F33: Recycled IP
... A61: 10.206.16.20 | B61: rsgprod-test.int.westgroup.com | C61: This IP's assignment information does not match DNS or ServiceManager (since 071213) | D61: =VLOOKUP(B61,'Zipper 7-23'!B:B,1,0) -> rsgprod-test.int.westgroup.com | E61: Windows TCASH | F61: Chad Brochill
A62: 10.206.169.8 | B62: N-C111CQUPMBS01 | C62: Does not respond to ping (since 041713) | D62: =VLOOKUP(B62,'Zipper 7-23'!B:B,1,0) -> #N/A
A63: 10.206.169.9 | B63: N-C111JSRPMBS02 | C63: Does not respond to ping (since 041713) | D63: =VLOOKUP(B63,'Zipper 7-23'!B:B,1,0) -> #N/A
A64: 10.220.30.41 | B64: EG-SIRLBQ-B02C | C64: Does not respond to ping (since 032613) | D64: =VLOOKUP(B64,'Zipper 7-23'!B:B,1,0) -> #N/A
A65: 10.225.4.136 | B65: tss1vdev0104 | C65: Does not respond to ping (since 120712) | D65: =VLOOKUP(B65,'Zipper 7-23'!B:B,1,0) -> #N/A
A66: 10.226.50.178 | B66: boardlinkservices-qa.accelus.eu | C66: This IP's assignment information does not match DNS or ServiceManager (since 070313) | D66: =VLOOKUP(B66,'Zipper 7-23'!B:B,1,0) -> boardlinkservices-qa.accelus.eu | E66: Windows TCASH | F66: Chad Brochill
A67: 10.226.50.179 | B67: boardlinkdav-qa.accelus.eu | C67: This IP's assignment information does not match DNS or ServiceManager (since 070313) | D67: =VLOOKUP(B67,'Zipper 7-23'!B:B,1,0) -> boardlinkdav-qa.accelus.eu | E67: Windows TCASH | F67: Chad Brochill
A68: 163.231.31.1 | B68: EAGF-ERFPCAS05 | C68: Does not respond to ping (since 042013) | D68: =VLOOKUP(B68,'Zipper 7-23'!B:B,1,0) -> #N/A | E68: Server Moved - New IP | F68: Recycled IP
A69: 163.231.31.3 | B69: TLRUSMNEAGCAS01 | C69: Does not respond to ping (since 042013) | D69: =VLOOKUP(B69,'Zipper 7-23'!B:B,1,0) -> #N/A | E69: Server Moved - New IP | F69: Recycled IP
A70: 163.231.31.4 | B70: EAGF-ERFPHUB13 | C70: Does not respond to ping (since 042013) | D70: =VLOOKUP(B70,'Zipper 7-23'!B:B,1,0) -> #N/A | E70: Server Moved - New IP | F70: Recycled IP
A71: 163.231.31.6 | B71: EAGF-ERFPMBX22 | C71: Does not respond to ping (since 042013) | D71: =VLOOKUP(B71,'Zipper 7-23'!B:B,1,0) -> #N/A | E71: Server Moved - New IP | F71: Recycled IP
A72: 163.231.31.7 | B72: EAGF-ERFPMBX42 | C72: Does not respond to ping (since 042013) | D72: =VLOOKUP(B72,'Zipper 7-23'!B:B,1,0) -> #N/A | E72: Server Moved - New IP | F72: Recycled IP
A73: 163.231.31.8 | B73: EAGF-ERFPPUB01 | C73: Does not respond to ping (since 042013) | D73: =VLOOKUP(B73,'Zipper 7-23'!B:B,1,0) -> #N/A | E73: Server Moved - New IP | F73: Recycled IP
A74: 163.231.31.9 | B74: EAGF-ERFPMBS03 | C74: Does not respond to ping (since 042013) | D74: =VLOOKUP(B74,'Zipper 7-23'!B:B,1,0) -> #N/A | E74: Server Moved - New IP | F74: Recycled IP
A75: 163.231.31.10 | B75: EAGF-ERFPMBS11 | C75: Does not respond to ping (since 042013) | D75: =VLOOKUP(B75,'Zipper 7-23'!B:B,1,0) -> #N/A | E75: Server Moved - New IP | F75: Recycled IP
A76: 163.231.31.15 | B76: C111QAZXMBX58 | C76: Does not respond to ping (since 042013) | D76: =VLOOKUP(B76,'Zipper 7-23'!B:B,1,0) -> #N/A | E76: Server Moved - New IP | F76: Recycled IP
A77: 163.231.31.16 | B77: C111CSRXCAS20 | C77: Does not respond to ping (since 042013) | D77: =VLOOKUP(B77,'Zipper 7-23'!B:B,1,0) -> #N/A | E77: Server Moved - New IP | F77: Recycled IP
... A97: 163.231.31.75 | B97: C111MNVXMBX61 | C97: Does not respond to ping (since 042013) | D97: =VLOOKUP(B97,'Zipper 7-23'!B:B,1,0) -> #N/A | E97: Server Moved - New IP | F97: Recycled IP
A98: 163.231.83.217 | B98: pfsso.int.thomsonreuters.com | C98: Does not respond to ping (since 011213) | D98: =VLOOKUP(B98,'Zipper 7-23'!B:B,1,0) -> pfsso.int.thomsonreuters.com
A99: 163.231.94.89 | B99: eg-hdsadm-a04.int.westgroup.com | C99: Does not respond to ping (since 030313) | D99: =VLOOKUP(B99,'Zipper 7-23'!B:B,1,0) -> eg-hdsadm-a04.int.westgroup.com
A100: 163.231.99.17 | B100: eg-emcadm-a01 | C100: Does not respond to ping (since 041613) | D100: =VLOOKUP(B100,'Zipper 7-23'!B:B,1,0) -> #N/A
A101: 167.68.65.21 | B101: eg-hdsadm-h01.int.westgroup.net | C101: Does not respond to ping (since 041613) | D101: =VLOOKUP(B101,'Zipper 7-23'!B:B,1,0) -> #N/A | E101: P2V | F101: Recycled IP
A102: 167.68.251.27 | B102: eg-esmsql-a06 | C102: Does not respond to ping (since 040913) | D102: =VLOOKUP(B102,'Zipper 7-23'!B:B,1,0) -> eg-esmsql-a06 | E102: EMAT | F102: Forwarded to Gerald Beasley

Sheet Zipper 8-6
A1: IPAddress | B1: Hostname | C1: Description | D1: IPV4Address | E1: Compared | F1: Notes | G1: Action Taken
A2: 10.221.240.248 | B2: TLRUSMNEAGSQL1 | C2: Does not respond to ping (since 042413) | E2: =VLOOKUP(A2,'Zipper 7-30'!A:A,1,0) -> #N/A | G2: Recycled IP
A3: 10.221.241.246 | B3: TLRUSMNEAGQSP1 | C3: Does not respond to ping (since 042413) | E3: =VLOOKUP(A3,'Zipper 7-30'!A:A,1,0) -> #N/A | G3: Recycled IP
A4: 192.168.250.131 | B4: aujpjptokdaiwcp-a01.tfn.com | C4: This IP's assignment information does not match DNS or ServiceManager (since 113012) | E4: =VLOOKUP(A4,'Zipper 7-30'!A:A,1,0) -> 192.168.250.131 | F4: =VLOOKUP(A4,'Zipper 7-30'!A:F,5,0) -> Contacted ITS-MDS-DIR
A5: 10.51.0.21 | B5: pvdr.int.thomsonreuters.com | C5: This IP's assignment information does not match DNS or ServiceManager (since 050713) | E5: =VLOOKUP(A5,'Zipper 7-30'!A:A,1,0) -> 10.51.0.21 | F5: =VLOOKUP(A5,'Zipper 7-30'!A:F,5,0) -> Windows TCASH | G5: =VLOOKUP(A5,'Zipper 7-30'!A:F,6,0) -> Chad Brochill
A6: 10.51.2.101 | B6: c958gactfws04 | C6: Does not respond to ping (since 042413) | D6: 10.51.52.40 | E6: =VLOOKUP(A6,'Zipper 7-30'!A:A,1,0) -> #N/A
A7: 10.51.2.102 | B7: c323cbytfws03 | C7: Does not respond to ping (since 042413) | D7: 10.51.52.36 | E7: =VLOOKUP(A7,'Zipper 7-30'!A:A,1,0) -> #N/A
A8: 10.51.2.103 | B8: c801ueqtfau04 | C8: Does not respond to ping (since 042413) | D8: 10.51.52.39 | E8: =VLOOKUP(A8,'Zipper 7-30'!A:A,1,0) -> #N/A
A9: 10.51.2.104 | B9: c673mkgtfau03 | C9: Does not respond to ping (since 042413) | D9: 10.51.52.38 | E9: =VLOOKUP(A9,'Zipper 7-30'!A:A,1,0) -> #N/A
A10: 10.51.2.105 | B10: C595AGPMSQL03 | C10: Does not respond to ping (since 042413) | D10: 10.51.52.37 | E10: =VLOOKUP(A10,'Zipper 7-30'!A:A,1,0) -> #N/A
A11: 10.51.7.27 | B11: stargazerc1.tlr.thomson.com | C11: This IP's assignment information does not match DNS or ServiceManager (since 072613) | D11: 10.51.7.27 | E11: =VLOOKUP(A11,'Zipper 7-30'!A:A,1,0) -> 10.51.7.27 | F11: =VLOOKUP(A11,'Zipper 7-30'!A:F,5,0) -> Mike Schmidt | G11: =VLOOKUP(A11,'Zipper 7-30'!A:F,6,0) -> No Action Taken
A12: 10.51.7.28 | B12: stargazerc2.tlr.thomson.com | C12: This IP's assignment information does not match DNS or ServiceManager (since 072613) | D12: 10.51.7.28 | E12: =VLOOKUP(A12,'Zipper 7-30'!A:A,1,0) -> 10.51.7.28 | F12: =VLOOKUP(A12,'Zipper 7-30'!A:F,5,0) -> Mike Schmidt | G12: =VLOOKUP(A12,'Zipper 7-30'!A:F,6,0) -> No Action Taken
A13: 10.51.7.29 | B13: stargazerc3.tlr.thomson.com | C13: This IP's assignment information does not match DNS or ServiceManager (since 072613) | D13: 10.51.7.29 | E13: =VLOOKUP(A13,'Zipper 7-30'!A:A,1,0) -> 10.51.7.29 | F13: =VLOOKUP(A13,'Zipper 7-30'!A:F,5,0) -> Mike Schmidt | G13: =VLOOKUP(A13,'Zipper 7-30'!A:F,6,0) -> No Action Taken
A14: 10.206.19.107 | B14: pvcluster.int.thomsonreuters.com | C14: This IP's assignment information does not match DNS or ServiceManager (since 050713) | D14: 10.206.19.107 | E14: =VLOOKUP(A14,'Zipper 7-30'!A:A,1,0) -> 10.206.19.107 | F14: =VLOOKUP(A14,'Zipper 7-30'!A:F,5,0) -> Windows TCASH | G14: =VLOOKUP(A14,'Zipper 7-30'!A:F,6,0) -> Chad Brochill
A15: 10.220.20.141 | B15: Eg-Eltvmdv-B12 | C15: Does not respond to ping (since 031213) | E15: =VLOOKUP(A15,'Zipper 7-30'!A:A,1,0) -> 10.220.20.141 | F15: =VLOOKUP(A15,'Zipper 7-30'!A:F,5,0) -> Decommission | G15: =VLOOKUP(A15,'Zipper 7-30'!A:F,6,0) -> Recycled IP
A16: 10.220.20.142 | B16: eg-eltvmdv-b13 | C16: Does not respond to ping (since 031213) | E16: =VLOOKUP(A16,'Zipper 7-30'!A:A,1,0) -> 10.220.20.142 | F16: =VLOOKUP(A16,'Zipper 7-30'!A:F,5,0) -> Decommission | G16: =VLOOKUP(A16,'Zipper 7-30'!A:F,6,0) -> Recycled IP
A17: 10.220.20.143 | B17: eg-eltvmdv-b14 | C17: Does not respond to ping (since 031213) | E17: =VLOOKUP(A17,'Zipper 7-30'!A:A,1,0) -> 10.220.20.143 | F17: =VLOOKUP(A17,'Zipper 7-30'!A:F,5,0) -> Decommission | G17: =VLOOKUP(A17,'Zipper 7-30'!A:F,6,0) -> Recycled IP
A18: 10.220.20.144 | B18: Eg-Eltvmdv-B15 | C18: Does not respond to ping (since 031213) | E18: =VLOOKUP(A18,'Zipper 7-30'!A:A,1,0) -> 10.220.20.144 | F18: =VLOOKUP(A18,'Zipper 7-30'!A:F,5,0) -> Decommission | G18: =VLOOKUP(A18,'Zipper 7-30'!A:F,6,0) -> Recycled IP
A19: 10.221.249.201 | B19: EG-CPMSQL-B02 | C19: Does not respond to ping (since 042413) | E19: =VLOOKUP(A19,'Zipper 7-30'!A:A,1,0) -> #N/A
A20: 10.51.1.10 | B20: c239dyhexolp2.tlr.thomsonreuters.com | C20: This IP's assignment information does not match DNS or ServiceManager (since 073013) | E20: =VLOOKUP(A20,'Zipper 7-30'!A:A,1,0) -> 10.51.1.10 | F20: =VLOOKUP(A20,'Zipper 7-30'!A:F,5,0) -> No Information within Banana | G20: =VLOOKUP(A20,'Zipper 7-30'!A:F,6,0) -> Modified Banana record
A21: 10.51.8.80 | B21: C111WFXEMBX73 | C21: Does not respond to ping (since 040413) | D21: 10.51.8.22 | E21: =VLOOKUP(A21,'Zipper 7-30'!A:A,1,0) -> 10.51.8.80 | F21: =VLOOKUP(A21,'Zipper 7-30'!A:F,5,0) -> Server Moved - New IP | G21: =VLOOKUP(A21,'Zipper 7-30'!A:F,6,0) -> Recycled IP
A22: 10.52.142.55 | B22: C304TZFQFS01 | C22: Does not respond to ping (since 041113) | D22: 10.52.184.6 | E22: =VLOOKUP(A22,'Zipper 7-30'!A:A,1,0) -> 10.52.142.55 | F22: =VLOOKUP(A22,'Zipper 7-30'!A:F,5,0) -> Server Moved - New IP | G22: =VLOOKUP(A22,'Zipper 7-30'!A:F,6,0) -> Recycled IP
A23: 10.176.10.105 | B23: eg-dbasql-a20.tlr.thomson.com | C23: This IP's ServiceManager entry does not match the ServiceManager entry corresponding to the DNS name (since 080413) | D23: 10.176.10.105 | E23: =VLOOKUP(A23,'Zipper 7-30'!A:A,1,0) -> #N/A
A24: 10.206.16.3 | B24: powerapp.int.westgroup.com | C24: This IP's assignment information does not match DNS or ServiceManager (since 070613) | D24: 10.206.16.3 | E24: =VLOOKUP(A24,'Zipper 7-30'!A:A,1,0) -> 10.206.16.3 | F24: =VLOOKUP(A24,'Zipper 7-30'!A:F,5,0) -> Windows TCASH | G24: =VLOOKUP(A24,'Zipper 7-30'!A:F,6,0) -> Chad Brochill
A25: 10.206.16.20 | B25: rsgprod-test.int.westgroup.com | C25: This IP's assignment information does not match DNS or ServiceManager (since 071213) | D25: 10.206.16.20 | E25: =VLOOKUP(A25,'Zipper 7-30'!A:A,1,0) -> 10.206.16.20 | F25: =VLOOKUP(A25,'Zipper 7-30'!A:F,5,0) -> Windows TCASH | G25: =VLOOKUP(A25,'Zipper 7-30'!A:F,6,0) -> Chad Brochill
A26: 10.206.169.8 | B26: N-C111CQUPMBS01 | C26: Does not respond to ping (since 041713) | E26: =VLOOKUP(A26,'Zipper 7-30'!A:A,1,0) -> 10.206.169.8
A27: 10.206.169.9 | B27: N-C111JSRPMBS02 | C27: Does not respond to ping (since 041713) | E27: =VLOOKUP(A27,'Zipper 7-30'!A:A,1,0) -> 10.206.169.9
A28: 10.220.30.41 | B28: EG-SIRLBQ-B02C | C28: Does not respond to ping (since 032613) | E28: =VLOOKUP(A28,'Zipper 7-30'!A:A,1,0) -> 10.220.30.41
A29: 10.225.4.136 | B29: tss1vdev0104 | C29: Does not respond to ping (since 120712) | E29: =VLOOKUP(A29,'Zipper 7-30'!A:A,1,0) -> 10.225.4.136
A30: 10.226.50.178 | B30: boardlinkservices-qa.accelus.eu | C30: This IP's assignment information does not match DNS or ServiceManager (since 070313) | D30: 10.226.50.178 | E30: =VLOOKUP(A30,'Zipper 7-30'!A:A,1,0) -> 10.226.50.178 | F30: =VLOOKUP(A30,'Zipper 7-30'!A:F,5,0) -> Windows TCASH | G30: =VLOOKUP(A30,'Zipper 7-30'!A:F,6,0) -> Chad Brochill
A31: 10.226.50.179 | B31: boardlinkdav-qa.accelus.eu | C31: This IP's assignment information does not match DNS or ServiceManager (since 070313) | D31: 10.226.50.179 | E31: =VLOOKUP(A31,'Zipper 7-30'!A:A,1,0) -> 10.226.50.179 | F31: =VLOOKUP(A31,'Zipper 7-30'!A:F,5,0) -> Windows TCASH | G31: =VLOOKUP(A31,'Zipper 7-30'!A:F,6,0) -> Chad Brochill
A32: 163.231.31.48 | B32: C111RZRXMBX59 | C32: Does not respond to ping (since 042013) | D32: 10.51.8.7 | E32: =VLOOKUP(A32,'Zipper 7-30'!A:A,1,0) -> 163.231.31.48 | F32: =VLOOKUP(A32,'Zipper 7-30'!A:F,5,0) -> Server Moved - New IP | G32: Server Moved | H32: Recycled IP
A33: 163.231.83.217 | B33: pfsso.int.thomsonreuters.com | C33: Does not respond to ping (since 011213) | E33: =VLOOKUP(A33,'Zipper 7-30'!A:A,1,0) -> 163.231.83.217
A34: 163.231.94.89 | B34: eg-hdsadm-a04.int.westgroup.com | C34: Does not respond to ping (since 030313) | E34: =VLOOKUP(A34,'Zipper 7-30'!A:A,1,0) -> 163.231.94.89
A35: 167.68.251.27 | B35: eg-esmsql-a06 | C35: Does not respond to ping (since 040913) | E35: =VLOOKUP(A35,'Zipper 7-30'!A:A,1,0) -> 167.68.251.27 | F35: =VLOOKUP(A35,'Zipper 7-30'!A:F,5,0) -> EMAT | G35: Gerald Basley. | H35: OOO until 8-8

Sheet Zipper 8-13
A1: IPAddress | B1: Hostname | C1: Description | D1: IPV4Address | E1: Compared | F1: Notes | G1: Action Taken
A2: 192.168.250.131 | B2: aujpjptokdaiwcp-a01.tfn.com | C2: This IP's assignment information does not match DNS or ServiceManager (since 113012) | E2: =VLOOKUP(A2,'Zipper 8-6'!A:B,2,0) -> aujpjptokdaiwcp-a01.tfn.com | G2: =VLOOKUP(A2,'Zipper 8-6'!2:35,7,0) -> 0
A3: 10.51.0.21 | B3: pvdr.int.thomsonreuters.com | C3: This IP's assignment information does not match DNS or ServiceManager (since 050713) | E3: =VLOOKUP(A3,'Zipper 8-6'!A:B,2,0) -> pvdr.int.thomsonreuters.com | G3: =VLOOKUP(A3,'Zipper 8-6'!3:36,7,0) -> Chad Brochill
A4: 10.51.2.101 | B4: c958gactfws04 | C4: Does not respond to ping (since 042413) | D4: 10.51.52.40 | E4: =VLOOKUP(A4,'Zipper 8-6'!A:B,2,0) -> c958gactfws04 | F4: New IP Address | G4: Recycled IP
A5: 10.51.2.102 | B5: c323cbytfws03 | C5: Does not respond to ping (since 042413) | D5: 10.51.52.36 | E5: =VLOOKUP(A5,'Zipper 8-6'!A:B,2,0) -> c323cbytfws03 | F5: New IP Address | G5: Recycled IP
A6: 10.51.2.103 | B6: c801ueqtfau04 | C6: Does not respond to ping (since 042413) | D6: 10.51.52.39 | E6: =VLOOKUP(A6,'Zipper 8-6'!A:B,2,0) -> c801ueqtfau04 | F6: New IP Address | G6: Recycled IP
A7: 10.51.2.104 | B7: c673mkgtfau03 | C7: Does not respond to ping (since 042413) | D7: 10.51.52.38 | E7: =VLOOKUP(A7,'Zipper 8-6'!A:B,2,0) -> c673mkgtfau03 | F7: New IP Address | G7: Recycled IP
A8: 10.51.2.105 | B8: C595AGPMSQL03 | C8: Does not respond to ping (since 042413) | D8: 10.51.52.37 | E8: =VLOOKUP(A8,'Zipper 8-6'!A:B,2,0) -> C595AGPMSQL03 | F8: New IP Address | G8: Recycled IP
A9: 10.176.15.74 | B9: C968UJP | C9: This IP's assignment information does not match DNS or ServiceManager (since 080813) | E9: =VLOOKUP(A9,'Zipper 8-6'!A:B,2,0) -> #N/A
A10: 10.176.15.75 | B10: C827CPP | C10: This IP's assignment information does not match DNS or ServiceManager (since 080813) | E10: =VLOOKUP(A10,'Zipper 8-6'!A:B,2,0) -> #N/A
A11: 10.206.19.107 | B11: pvcluster.int.thomsonreuters.com | C11: This IP's assignment information does not match DNS or ServiceManager (since 050713) | D11: 10.206.19.107 | E11: =VLOOKUP(A11,'Zipper 8-6'!A:B,2,0) -> pvcluster.int.thomsonreuters.com | G11: =VLOOKUP(A11,'Zipper 8-6'!11:44,7,0) -> Chad Brochill
A12: 10.220.20.141 | B12: Eg-Eltvmdv-B12 | C12: Does not respond to ping (since 031213) | E12: =VLOOKUP(A12,'Zipper 8-6'!A:B,2,0) -> Eg-Eltvmdv-B12 | G12: =VLOOKUP(A12,'Zipper 8-6'!12:45,7,0) -> Recycled IP
A13: 10.220.20.142 | B13: eg-eltvmdv-b13 | C13: Does not respond to ping (since 031213) | E13: =VLOOKUP(A13,'Zipper 8-6'!A:B,2,0) -> eg-eltvmdv-b13 | G13: =VLOOKUP(A13,'Zipper 8-6'!13:46,7,0) -> Recycled IP
A14: 10.220.20.143 | B14: eg-eltvmdv-b14 | C14: Does not respond to ping (since 031213) | E14: =VLOOKUP(A14,'Zipper 8-6'!A:B,2,0) -> eg-eltvmdv-b14 | G14: =VLOOKUP(A14,'Zipper 8-6'!14:47,7,0) -> Recycled IP
A15: 10.220.20.144 | B15: Eg-Eltvmdv-B15 | C15: Does not respond to ping (since 031213) | E15: =VLOOKUP(A15,'Zipper 8-6'!A:B,2,0) -> Eg-Eltvmdv-B15 | G15: =VLOOKUP(A15,'Zipper 8-6'!15:48,7,0) -> Recycled IP
A16: 10.221.249.201 | B16: EG-CPMSQL-B02 | C16: Does not respond to ping (since 042413) | E16: =VLOOKUP(A16,'Zipper 8-6'!A:B,2,0) -> EG-CPMSQL-B02 | F16: Decommissioned | G16: Recycled IP
A17: 10.206.16.3 | B17: powerapp.int.westgroup.com | C17: This IP's assignment information does not match DNS or ServiceManager (since 070613) | D17: 10.206.16.3 | E17: =VLOOKUP(A17,'Zipper 8-6'!A:B,2,0) -> powerapp.int.westgroup.com | G17: =VLOOKUP(A17,'Zipper 8-6'!17:50,7,0) -> Chad Brochill
A18: 10.206.16.20 | B18: rsgprod-test.int.westgroup.com | C18: This IP's assignment information does not match DNS or ServiceManager (since 071213) | D18: 10.206.16.20 | E18: =VLOOKUP(A18,'Zipper 8-6'!A:B,2,0) -> rsgprod-test.int.westgroup.com | G18: =VLOOKUP(A18,'Zipper 8-6'!18:51,7,0) -> Chad Brochill
A19: 10.206.169.8 | B19: N-C111CQUPMBS01 | C19: Does not respond to ping (since 041713) | E19: =VLOOKUP(A19,'Zipper 8-6'!A:B,2,0) -> N-C111CQUPMBS01 | F19: Decommissioned | G19: Recycled IP
A20: 10.206.169.9 | B20: N-C111JSRPMBS02 | C20: Does not respond to ping (since 041713) | E20: =VLOOKUP(A20,'Zipper 8-6'!A:B,2,0) -> N-C111JSRPMBS02 | F20: Decommissioned | G20: Recycled IP
A21: 10.213.32.183 | B21: tss1be0075-ilo.tshhosting.com | C21: Does not respond to ping (since 050313) | E21: =VLOOKUP(A21,'Zipper 8-6'!A:B,2,0) -> #N/A | F21: Decommissioned | G21: Recycled IP
A22: 10.220.30.41 | B22: eg-sirlbq-b02c.tlr.thomson.com | C22: This IP is apparently in use, but it has not been assigned (since 081113) | D22: 10.220.30.41 | E22: =VLOOKUP(A22,'Zipper 8-6'!A:B,2,0) -> EG-SIRLBQ-B02C | G22: Added Server info to Banana
A23: 10.225.4.136 | B23: tss1vdev0104 | C23: Does not respond to ping (since 120712) | E23: =VLOOKUP(A23,'Zipper 8-6'!A:B,2,0) -> tss1vdev0104 | F23: Decommissioned | G23: Recycled IP
A24: 10.226.50.178 | B24: boardlinkservices-qa.accelus.eu | C24: This IP's assignment information does not match DNS or ServiceManager (since 070313) | D24: 10.226.50.178 | E24: =VLOOKUP(A24,'Zipper 8-6'!A:B,2,0) -> boardlinkservices-qa.accelus.eu | G24: =VLOOKUP(A24,'Zipper 8-6'!24:57,7,0) -> Chad Brochill
A25: 10.226.50.179 | B25: boardlinkdav-qa.accelus.eu | C25: This IP's assignment information does not match DNS or ServiceManager (since 070313) | D25: 10.226.50.179 | E25: =VLOOKUP(A25,'Zipper 8-6'!A:B,2,0) -> boardlinkdav-qa.accelus.eu | G25: =VLOOKUP(A25,'Zipper 8-6'!25:58,7,0) -> Chad Brochill
A26: 163.231.83.217 | B26: pfsso.int.thomsonreuters.com | C26: Does not respond to ping (since 011213) | E26: =VLOOKUP(A26,'Zipper 8-6'!A:B,2,0) -> pfsso.int.thomsonreuters.com | G26: =VLOOKUP(A26,'Zipper 8-6'!26:59,7,0) -> 0
A27: 163.231.94.89 | B27: eg-hdsadm-a04 | C27: Does not respond to ping (since 030313) | E27: =VLOOKUP(A27,'Zipper 8-6'!A:B,2,0) -> eg-hdsadm-a04.int.westgroup.com
A28: 167.68.251.27 | B28: eg-esmsql-a06 | C28: Does not respond to ping (since 040913) | E28: =VLOOKUP(A28,'Zipper 8-6'!A:B,2,0) -> eg-esmsql-a06 | G28: =VLOOKUP(A28,'Zipper 8-6'!28:61,7,0) -> Gerald Basley.

Sheet Zipper 8-20
A1: Given IP Address | B1: Given Hostname | C1: Description | D1: Computer Name | E1: IP Address | F1: Notes | G1: Action Taken
A2: 10.206.19.107 | B2: pvcluster.int.thomsonreuters.com | C2: This IP's assignment information does not match DNS or ServiceManager (since 050713) | D2: pvcluster.int.thomsonreuters.com | E2: 10.206.19.107
A3: 10.206.16.3 | B3: powerapp.int.westgroup.com | C3: This IP's assignment information does not match DNS or ServiceManager (since 070613) | D3: powerapp.int.westgroup.com | E3: 10.206.16.3 | F3: Melissa Gulbranson
A4: 10.206.16.20 | B4: rsgprod-test.int.westgroup.com | C4: This IP's assignment information does not match DNS or ServiceManager (since 071213) | D4: rsgprod-test.int.westgroup.com | E4: 10.206.16.20 | F4: Melissa Gulbranson
A5: 10.226.50.178 | B5: boardlinkservices-qa.accelus.eu | C5: This IP's assignment information does not match DNS or ServiceManager (since 070313) | D5: boardlinkservices-qa.accelus.eu | E5: 10.226.50.178
A6: 10.226.50.179 | B6: boardlinkdav-qa.accelus.eu | C6: This IP's assignment information does not match DNS or ServiceManager (since 070313) | D6: boardlinkdav-qa.accelus.eu | E6: 10.226.50.179
A7: 163.231.83.217 | B7: pfsso.int.thomsonreuters.com | C7: Does not respond to ping (since 011213) | F7: No Longer Needed | G7: Recycled IP
A8: 192.168.250.131 | B8: aujpjptokdaiwcp-a01.tfn.com | C8: This IP's assignment information does not match DNS or ServiceManager (since 113012) | G8: Recycled IP
A9: 10.51.0.21 | B9: pvdr.int.thomsonreuters.com | C9: This IP's assignment information does not match DNS or ServiceManager (since 050713) | F9: Ownership now Platform-Infrastructure | G9: Modified Banana Record
A10: 10.176.15.74 | B10: c312sbkcpasqf.ecom.tlrg.com | C10: This IP's assignment information does not match DNS or ServiceManager (since 080813) | D10: c312sbkcpasqf.ecom.tlrg.com | E10: 10.176.15.74 | F10: Shown as C968UJP | G10: Changed Info in Banana
A11: 10.176.15.75 | B11: c243pyzcpasqf.ecom.tlrg.com | C11: This IP's assignment information does not match DNS or ServiceManager (since 080813) | D11: c243pyzcpasqf.ecom.tlrg.com | E11: 10.176.15.75 | F11: Shown as C827CPP | G11: Changed Info in Banana
A12: 10.220.20.141 | B12: Eg-Eltvmdv-B12 | C12: Does not respond to ping (since 031213)
A13: 10.220.20.142 | B13: eg-eltvmdv-b13 | C13: Does not respond to ping (since 031213)
A14: 10.220.20.143 | B14: eg-eltvmdv-b14 | C14: Does not respond to ping (since 031213) | G14: Recycled IP
A15: 10.220.20.144 | B15: Eg-Eltvmdv-B15 | C15: Does not respond to ping (since 031213) | G15: Recycled IP
A16: 10.204.16.60 | B16: EG-SPSWEBDV-B02 | C16: Does not respond to ping (since 050813) | D16: EG-SPSWEBDV-B02 | E16: 10.204.16.28 | F16: New IP Address | G16: Recycled IP
A17: 10.220.30.41 | B17: eg-sirlbq-b02c.tlr.thomson.com | C17: This IP's assignment information does not match DNS or ServiceManager (since 081413) | D17: eg-sirlbq-b02c.tlr.thomson.com | E17: 10.220.30.41 | G17: Modified SM Record
A18: 10.225.4.136 | B18: tss1vdev0104 | C18: Does not respond to ping (since 120712) | G18: Recycled IP
A19: 163.231.94.89 | B19: eg-hdsadm-a04 | C19: Does not respond to ping (since 030313)
A20: 167.68.251.27 | B20: eg-esmsql-a06 | C20: Does not respond to ping (since 040913)

Sheet Zipper 8-27
A1: Given IP Address | B1: Given Hostname | C1: Description | D1: Computer Name | E1: IP Address | F1: Notes | G1: Action Taken
A2: 10.176.11.76 | B2: C297EYVSIRLBP | C2: Does not respond to ping (since 051413) | D2: C297EYVSIRLBP | E2: 10.176.10.127 | F2: New IP Address | G2: Recycled IP
A3: 10.206.19.107 | B3: pvcluster.int.thomsonreuters.com | C3: This IP's assignment information does not match DNS or ServiceManager (since 050713) | D3: pvcluster.int.thomsonreuters.com | E3: 10.206.19.107
A4: 10.220.20.141 | B4: Eg-Eltvmdv-B12 | C4: Does not respond to ping (since 031213)
A5: 10.220.20.142 | B5: eg-eltvmdv-b13 | C5: Does not respond to ping (since 031213)
A6: 10.220.20.143 | B6: eg-eltvmdv-b14 | C6: Does not respond to ping (since 031213)
A7: 10.220.20.144 | B7: Eg-Eltvmdv-B15 | C7: Does not respond to ping (since 031213)
A8: 10.205.54.80 | B8: eg-cplsqlqa-a03 | C8: Does not respond to ping (since 051313)
A9: 10.206.16.3 | B9: powerapp.int.westgroup.com | C9: This IP's assignment information does not match DNS or ServiceManager (since 070613) | D9: powerapp.int.westgroup.com | E9: 10.206.16.3
A10: 10.206.16.20 | B10: rsgprod-test.int.westgroup.com | C10: This IP's assignment information does not match DNS or ServiceManager (since 071213) | D10: rsgprod-test.int.westgroup.com | E10: 10.206.16.20
A11: 10.225.4.136 | B11: tss1vdev0104 | C11: Does not respond to ping (since 120712)
A12: 10.226.50.178 | B12: boardlinkservices-qa.accelus.eu | C12: This IP's assignment information does not match DNS or ServiceManager (since 070313) | D12: boardlinkservices-qa.accelus.eu | E12: 10.226.50.178
A13: 10.226.50.179 | B13: boardlinkdav-qa.accelus.eu | C13: This IP's assignment information does not match DNS or ServiceManager (since 070313) | D13: boardlinkdav-qa.accelus.eu | E13: 10.226.50.179
A14: 10.226.128.214 | B14: 10.226.65.239 | C14: Does not respond to ping (since 062412) | D14: 10.226.65.239 | E14: 10.226.65.239 | F14: No data in SM record | G14: Updated SM
A15: 167.68.249.119 | B15: C111DBE | C15: Does not respond to ping (since 051313) | D15: C111DBE | E15: 10.176.4.20 | F15: New IP Address | G15: Recycled IP
A16: 10.201.39.93 | B16: eg-batxml-a01r.clrrs.loc | C16: Does not respond to ping (since 051313) | G16: Recycled IP

Sheet Zipper 9-3
A1: Given IP Address | B1: Given Hostname | C1: Description | D1: Computer Name | E1: IP Address | F1: Notes | G1: Action Taken
A2: 10.205.17.37 | B2: EG-SPSWEB-A01 | C2: Does not respond to ping (since 052213) | D2: EG-SPSWEB-A01 | E2: 10.205.40.67 | F2: New IP | G2: Recycled IP
A3: 10.205.17.38 | B3: EG-SPSWEB-A02 | C3: Does not respond to ping (since 052313) | D3: EG-SPSWEB-A02 | E3: 10.205.40.144 | F3: New IP | G3: Recycled IP
A4: 10.205.17.39 | B4: EG-SPSWEB-A03 | C4: Does not respond to ping (since 052413) | D4: EG-SPSWEB-A03 | E4: 10.205.40.147 | F4: New IP | G4: Recycled IP
A5: 10.206.16.3 | B5: powerapp.int.westgroup.com | C5: This IP's assignment information does not match DNS or ServiceManager (since 070613) | D5: powerapp.int.westgroup.com | E5: 10.206.16.3
A6: 10.206.16.20 | B6: rsgprod-test.int.westgroup.com | C6: This IP's assignment information does not match DNS or ServiceManager (since 071213) | D6: rsgprod-test.int.westgroup.com | E6: 10.206.16.20
A7: 10.225.4.136 | B7: tss1vdev0104 | C7: Does not respond to ping (since 120712)
A8: 10.226.50.178 | B8: boardlinkservices-qa.accelus.eu | C8: This IP's assignment information does not match DNS or ServiceManager (since 070313) | D8: boardlinkservices-qa.accelus.eu | E8: 10.226.50.178
A9: 10.226.50.179 | B9: boardlinkdav-qa.accelus.eu | C9: This IP's assignment information does not match DNS or ServiceManager (since 070313) | D9: boardlinkdav-qa.accelus.eu | E9: 10.226.50.179
A10: 10.226.128.214 | B10: 10.226.65.239 | C10: Does not respond to ping (since 062412) | D10: 10.226.65.239 | E10: 10.226.65.239 | G10: Recycled IP
A11: 163.231.94.89 | B11: eg-hdsadm-a04 | C11: Does not respond to ping (since 030313) | G11: Recycled IP
A12: 167.68.250.163 | B12: c111ryg.mgmt.tlrg.com | C12: This IP's ServiceManager entry does not match the ServiceManager entry corresponding to the DNS name (since 083013)
A13: 10.206.19.107 | B13: pvcluster.int.thomsonreuters.com | C13: This IP's assignment information does not match DNS or ServiceManager (since 050713) | D13: pvcluster.int.thomsonreuters.com | E13: 10.206.19.107
A14: 10.220.20.141 | B14: Eg-Eltvmdv-B12 | C14: Does not respond to ping (since 031213) | G14: Recycled IP
A15: 10.220.20.142 | B15: eg-eltvmdv-b13 | C15: Does not respond to ping (since 031213) | G15: Recycled IP
A16: 10.220.20.143 | B16: eg-eltvmdv-b14 | C16: Does not respond to ping (since 031213) | G16: Recycled IP
A17: 10.220.20.144 | B17: Eg-Eltvmdv-B15 | C17: Does not respond to ping (since 031213) | G17: Recycled IP
A18: 10.221.64.219 | B18: EG-WGSAPPQA-B01 | C18: Does not respond to ping (since 051913) | F18: V2V | G18: Recycled IP
A19: 10.221.69.20 | B19: EG-WGSAPPQA-A01 | C19: Does not respond to ping (since 052313) | F19: V2V | G19: Recycled IP
A20: 167.68.250.163 | B20: c111ryg.mgmt.tlrg.com | C20: This IP's assignment information does not match DNS or ServiceManager (since 082913)

Sheet Sheet1
A1: Given IP Address | B1: Given Hostname | C1: Description | D1: Computer Name | E1: IP Address | F1: Notes | G1: Action Taken
A2: 10.176.8.251 | B2: c111zcj.tlr.thomson.com | C2: Does not respond to ping (since 121412) | G2: Recycled IP
A3: 10.185.3.8 | B3: eccrg.mgmt.tlrg.com | C3: This IP's assignment information does not match DNS or ServiceManager (since 062713) | D3: eccrg.mgmt.tlrg.com | E3: 10.185.3.8
A4: 10.214.3.55 | B4: EG-WRCSQL-B44R | C4: Does not respond to ping (since 052313) | F4: No Longer Exists | G4: Recycled IP
A5: 10.214.3.56 | B5: EG-WRCSQL-B44M | C5: Does not respond to ping (since 052313) | F5: No Longer Exists | G5: Recycled IP
A6: 10.215.11.91 | B6: EG-WRCSQL-A34M | C6: Does not respond to ping (since 042113) | F6: No Longer Exists | G6: Recycled IP
A7: 10.215.11.95 | B7: EG-WRCSQL-A34R | C7: Does not respond to ping (since 042113) | F7: No Longer Exists | G7: Recycled IP
A8: 10.216.64.37 | B8: EG-WGSAPP-A01 | C8: Does not respond to ping (since 052613) | D8: EG-WGSAPP-A01 | E8: 10.216.19.50 | F8: New IP | G8: Recycled IP
A9: 10.216.64.38 | B9: EG-WGSAPP-A02 | C9: Does not respond to ping (since 053113) | D9: EG-WGSAPP-A02 | E9: 10.216.19.101 | F9: New IP | G9: Recycled IP
A10: 10.219.10.21 | B10: LSD-BLADE01 | C10: This IP's assignment information does not match DNS or ServiceManager (since 090413)
A11: 10.220.176.137 | B11: orf-antclu-02.tlrqa.thomson.com | C11: This IP's assignment information does not match DNS or ServiceManager (since 081313) | F11: Recycled?
A12: 10.221.3.227 | B12: C415EDABLAPP | C12: This IP's assignment information does not match DNS or ServiceManager (since 090513) | D12: C415EDABLAPP | E12: 10.221.3.227
A13: 10.221.3.228 | B13: c895fzablapp | C13: This IP's assignment information does not match DNS or ServiceManager (since 090513) | D13: c895fzablapp | E13: 10.221.3.228
A14: 10.221.3.240 | B14: c998gttblfs.ecom.tlrg.com | C14: This IP's assignment information does not match DNS or ServiceManager (since 082713) | D14: c998gttblfs.ecom.tlrg.com | E14: 10.221.3.240 | G14: Updated SM
A15: 10.221.3.247 | B15: c998gttblsql.ecom.tlrg.com | C15: This IP's ServiceManager entry does not match the ServiceManager entry corresponding to the DNS name (since 090413) | D15: c998gttblsql.ecom.tlrg.com | E15: 10.221.3.247
A16: 10.221.64.218 | B16: EG-WGSAPP-B02 | C16: Does not respond to ping (since 053013) | D16: EG-WGSAPP-B02 | E16: 10.214.13.8 | F16: New IP | G16: Recycled IP
A17: 10.221.241.244 | B17: c400tmpblsql.oob.westgroup.net | C17: Does not respond to ping (since 052413)
A18: 10.222.122.89 | B18: ANDRE | C18: Does not respond to ping (since 061112)
A19: 10.222.122.97 | B19: PROD01 | C19: Does not respond to ping (since 111212)
A20: 10.222.122.98 | B20: PROD02 | C20: Does not respond to ping (since 111712)
A21: 10.225.20.5 | B21: tlrielkhubweb07.hubbardhost.com | C21: This IP's assignment information does not match DNS or ServiceManager (since 031913) | D21: tlrielkhubweb07.hubbardhost.com | E21: 10.225.20.5
A22: 10.225.20.6 | B22: tlrielkhubweb08.hubbardhost.com | C22: This IP's assignment information does not match DNS or ServiceManager (since 031913) | D22: tlrielkhubweb08.hubbardhost.com | E22: 10.225.20.6
A23: 163.231.95.64 | B23: EG-GSIFS-B03 | C23: Does not respond to ping (since 092712)
A24: 167.68.150.6 | B24: eg-lwschl-a37.ecom.tlrg.com | C24: This IP's ServiceManager entry does not match the ServiceManager entry corresponding to the DNS name (since 090413) | D24: eg-lwschl-a37.ecom.tlrg.com | E24: 167.68.150.6
A25: 167.68.164.215 | B25: eg-hbrsql-b55c | C25: Does not respond to ping (since 042813)
A26: 167.68.164.216 | B26: eg-hbrsql-b55r | C26: Does not respond to ping (since 042813)
A27: 167.68.164.217 | B27: eg-hbrsql-b55m | C27: Does not respond to ping (since 042813)
A28: 167.68.164.218 | B28: eg-hbrsql-b57c | C28: Does not respond to ping (since 042813)
A29: 167.68.164.219 | B29: eg-hbrsql-b57r | C29: Does not respond to ping (since 042813)
A30: 167.68.164.220 | B30: eg-hbrsql-b57m | C30: Does not respond to ping (since 042813)
A31: 167.68.180.168 | B31: eg-hbrsql-a51c | C31: Does not respond to ping (since 042113)
A32: 167.68.180.180 | B32: eg-hbrsql-a51r | C32: Does not respond to ping (since 042113)
A33: 167.68.180.192 | B33: eg-hbrsql-a51m | C33: Does not respond to ping (since 042113)
A34: 167.68.180.193 | B34: eg-hbrsql-a53c | C34: Does not respond to ping (since 042113)
A35: 167.68.180.194 | B35: eg-hbrsql-a53r | C35: Does not respond to ping (since 042113)
A36: 167.68.180.195 | B36: eg-hbrsql-a53m | C36: Does not respond to ping (since 042113)
... A38: 167.68.238.228 | B38: eg-cardcc-a12 | C38: Does not respond to ping (since 032813)
A39: 10.206.16.3 | B39: powerapp.int.westgroup.com | C39: This IP's assignment information does not match DNS or ServiceManager (since 070613) | D39: powerapp.int.westgroup.com | E39: 10.206.16.3
A40: 10.206.16.20 | B40: rsgprod-test.int.westgroup.com | C40: This IP's assignment information does not match DNS or ServiceManager (since 071213) | D40: rsgprod-test.int.westgroup.com | E40: 10.206.16.20
A41: 10.221.254.208 | B41: EG-SWGWEB-A02 | C41: Does not respond to ping (since 060113) | D41: EG-SWGWEB-A02 | E41: 10.216.19.56
A42: 10.225.4.136 | B42: tss1vdev0104 | C42: Does not respond to ping (since 120712)
A43: 10.226.50.178 | B43: boardlinkservices-qa.accelus.eu | C43: This IP's assignment information does not match DNS or ServiceManager (since 070313) | D43: boardlinkservices-qa.accelus.eu | E43: 10.226.50.178
A44: 10.226.50.179 | B44: boardlinkdav-qa.accelus.eu | C44: This IP's assignment information does not match DNS or ServiceManager (since 070313) | D44: boardlinkdav-qa.accelus.eu | E44: 10.226.50.179
A45: 10.206.19.107 | B45: pvcluster.int.thomsonreuters.com | C45: This IP's assignment information does not match DNS or ServiceManager (since 050713) | D45: pvcluster.int.thomsonreuters.com | E45: 10.206.19.107
A46: 10.220.20.141 | B46: Eg-Eltvmdv-B12 | C46: Does not respond to ping (since 031213)
A47: 10.220.20.142 | B47: eg-eltvmdv-b13 | C47: Does not respond to ping (since 031213)
A48: 10.220.20.143 | B48: eg-eltvmdv-b14 | C48: Does not respond to ping (since 031213)
A49: 10.220.20.144 | B49: Eg-Eltvmdv-B15 | C49: Does not respond to ping (since 031213)

Sheet Zipper 9-17
A1: Given IP Address | B1: Given Hostname | C1: Description | D1: DNS Name | E1: IP Address | F1: Notes | G1: Action Taken
A2: 10.206.19.107 | B2: pvcluster.int.thomsonreuters.com | C2: This IP's assignment information does not match DNS or ServiceManager (since 050713) | D2: pvcluster.int.thomsonreuters.com | E2: 10.206.19.107
A3: 10.220.20.141 | B3: Eg-Eltvmdv-B12 | C3: Does not respond to ping (since 031213) | G3: Recycled IP
A4: 10.220.20.142 | B4: eg-eltvmdv-b13 | C4: Does not respond to ping (since 031213) | G4: Recycled IP
A5: 10.220.20.143 | B5: eg-eltvmdv-b14 | C5: Does not respond to ping (since 031213) | G5: Recycled IP
A6: 10.220.20.144 | B6: Eg-Eltvmdv-B15 | C6: Does not respond to ping (since 031213) | G6: Recycled IP
A7: 10.223.16.109 | B7: LA-SUP38-W2K8S5 | C7: Does not respond to ping (since 060413) | G7: Recycled IP
A8: 10.223.16.184 | B8: C803CNP3ECQ61 | C8: Does not respond to ping (since 060413) | G8: Recycled IP
A9: 10.223.17.93 | B9: C701RBN3EFQ02 | C9: Does not respond to ping (since 060413) | G9: Recycled IP
A10: 10.223.17.198 | B10: la-dev-bt03 | C10: Does not respond to ping (since 060413) | G10: Recycled IP
A11: 10.206.16.3 | B11: powerapp.int.westgroup.com | C11: This IP's assignment information does not match DNS or ServiceManager (since 070613) | D11: powerapp.int.westgroup.com | E11: 10.206.16.3
A12: 10.206.16.20 | B12: rsgprod-test.int.westgroup.com | C12: This IP's assignment information does not match DNS or ServiceManager (since 071213) | D12: rsgprod-test.int.westgroup.com | E12: 10.206.16.20
A13: 10.213.32.218 | B13: NEW-CUFSCORP01 | C13: Does not respond to ping (since 060413) | G13: Recycled IP
A14: 10.221.254.208 | B14: EG-SWGWEB-A02 | C14: Does not respond to ping (since 060113) | G14: Recycled IP
A15: 10.225.4.136 | B15: tss1vdev0104 | C15: Does not respond to ping (since 120712) | G15: Recycled IP
A16: 10.226.50.178 | B16: boardlinkservices-qa.accelus.eu | C16: This IP's assignment information does not match DNS or ServiceManager (since 070313) | D16: boardlinkservices-qa.accelus.eu | E16: 10.226.50.178
A17: 10.226.50.179 | B17: boardlinkdav-qa.accelus.eu | C17: This IP's assignment information does not match DNS or ServiceManager (since 070313) | D17: boardlinkdav-qa.accelus.eu | E17: 10.226.50.179
A18: 10.205.7.70 | B18: eg-cpstst-sql1.tlr.thomson.com | C18: This IP's assignment information does not match DNS or ServiceManager (since 091613)
A19: 10.215.11.95 | B19: EG-WRCSQL-A34R | C19: Does not respond to ping (since 042113) | G19: Recycled IP
A20: 10.219.10.21 | B20: LSD-BLADE01 | C20: This IP's assignment information does not match DNS or ServiceManager (since 091013)
A21: 10.220.22.247 | B21: EG-NALWLDV-B04 | C21: Does not respond to ping (since 060413) | G21: Recycled IP
A22: 10.220.68.5 | B22: EG-CNAPP-F01 | C22: Does not respond to ping (since 060413) | G22: Recycled IP
A23: 10.220.68.121 | B23: EG-CNAPP-F02 | C23: Does not respond to ping (since 060413) | G23: Recycled IP
A24: 10.220.68.122 | B24: EG-CNAPP-F03 | C24: Does not respond to ping (since 060413) | G24: Recycled IP
A25: 10.220.68.132 | B25: EG-CNAPP-F04 | C25: Does not respond to ping (since 060413) | G25: Recycled IP
A26: 10.221.241.244 | B26: c400tmpblsql.oob.westgroup.net | C26: Does not respond to ping (since 052413) | G26: Recycled IP
A27: 10.222.122.43 | B27: TLRUSDCDC01 | C27: Does not respond to ping (since 060413) | G27: Recycled IP
A28: 10.222.122.97 | B28: PROD01 | C28: Does not respond to ping (since 111212) | G28: Recycled IP
A29: 10.222.122.98 | B29: PROD02 | C29: Does not respond to ping (since 111712) | G29: Recycled IP
A30: 10.225.20.5 | B30: tlrielkhubweb07.hubbardhost.com | C30: This IP's assignment information does not match DNS or ServiceManager (since 031913) | D30: tlrielkhubweb07.hubbardhost.com | E30: 10.225.20.5
A31: 10.225.20.6 | B31: tlrielkhubweb08.hubbardhost.com | C31: This IP's assignment information does not match DNS or ServiceManager (since 031913) | D31: tlrielkhubweb08.hubbardhost.com | E31: 10.225.20.6
A32: 163.231.95.64 | B32: EG-GSIFS-B03 | C32: Does not respond to ping (since 092712) | G32: Recycled IP
A33: 167.68.150.6 | B33: eg-lwschl-a37.ecom.tlrg.com | C33: This IP's ServiceManager entry does not match the ServiceManager entry corresponding to the DNS name (since 091013) | D33: eg-lwschl-a37.ecom.tlrg.com | E33: 167.68.150.6
A34: 167.68.164.215 | B34: eg-hbrsql-b55c | C34: Does not respond to ping (since 042813) | F34: Decommissioned | G34: Sent Email to DC-NCC
A35: 167.68.164.216 | B35: eg-hbrsql-b55r | C35: Does not respond to ping (since 042813) | F35: Decommissioned | G35: Sent Email to DC-NCC
A36: 167.68.164.217 | B36: eg-hbrsql-b55m | C36: Does not respond to ping (since 042813) | F36: Decommissioned | G36: Sent Email to DC-NCC
A37: 167.68.164.218 | B37: eg-hbrsql-b57c | C37: Does not respond to ping (since 042813) | F37: Decommissioned | G37: Sent Email to DC-NCC
A38: 167.68.164.219 | B38: eg-hbrsql-b57r | C38: Does not respond to ping (since 042813) | F38: Decommissioned | G38: Sent Email to DC-NCC
A39: 167.68.164.220 | B39: eg-hbrsql-b57m | C39: Does not respond to ping (since 042813) | F39: Decommissioned | G39: Sent Email to DC-NCC
A40: 167.68.180.168 | B40: eg-hbrsql-a51c | C40: Does not respond to ping (since 042113) | F40: Decommissioned | G40: Sent Email to DC-NCC
A41: 167.68.180.180 | B41: eg-hbrsql-a51r | C41: Does not respond to ping (since 042113) | F41: Decommissioned | G41: Sent Email to DC-NCC
A42: 167.68.180.192 | B42: eg-hbrsql-a51m | C42: Does not respond to ping (since 042113) | F42: Decommissioned | G42: Sent Email to DC-NCC
A43: 167.68.180.193 | B43: eg-hbrsql-a53c | C43: Does not respond to ping (since 042113) | F43: Decommissioned | G43: Sent Email to DC-NCC
A44: 167.68.180.194 | B44: eg-hbrsql-a53r | C44: Does not respond to ping (since 042113) | F44: Decommissioned | G44: Sent Email to DC-NCC
A45: 167.68.180.195 | B45: eg-hbrsql-a53m | C45: Does not respond to ping (since 042113) | F45: Decommissioned | G45: Sent Email to DC-NCC
... A49: 167.68.238.228 | B49: eg-cardcc-a12 | C49: Does not respond to ping (since 032813) | F49: Decommissioned | G49: Sent Email to DC-NCC

Sheet Zipper 9-24
A1: Given IP Address | B1: Given Hostname | C1: Description | D1: DNS Name | E1: IP Address | F1: Notes | G1: Action Taken
A2: 10.220.19.94 | B2: eg-tasqlq-b01C | C2: Does not respond to ping (since 061513) | F2: Decommissioned | G2: Recycled IP
A3: 10.220.19.95 | B3: EG-TASQLQ-B01M | C3: Does not respond to ping (since 061513) | F3: Decommissioned | G3: Recycled IP
A4: 10.220.19.96 | B4: EG-TASQLQ-B01R | C4: Does not respond to ping (since 061513) | F4: Decommissioned | G4: Recycled IP
A5: 10.225.4.136 | B5: tss1vdev0104 | C5: Does not respond to ping (since 120712) | F5: Decommissioned | G5: Recycled IP
A6: 163.231.30.204 | B6: TLRUSMNEAGMBC14 | C6: Does not respond to ping (since 061113) | F6: Decommissioned | G6: Recycled IP
A7: 10.176.8.251 | B7: c111zcj.tlr.thomson.com | C7: Does not respond to ping (since 121412) | F7: Contacted DC-NCC. | G7: IP Address has been changed
A8: 10.214.3.55 | B8: EG-WRCSQL-B44R | C8: Does not respond to ping (since 052313) | F8: Cluster no longer exists CR0695091 | G8: Recycled IP
A9: 10.214.3.56 | B9: EG-WRCSQL-B44M | C9: Does not respond to ping (since 052313) | F9: Cluster no longer exists CR0695092 | G9: Recycled IP
A10: 10.215.11.91 | B10: EG-WRCSQL-A34M | C10: Does not respond to ping (since 042113) | F10: Decommissioned | G10: Recycled IP
A11: 10.215.11.95 | B11: EG-WRCSQL-A34R | C11: Does not respond to ping (since 042113) | F11: Decommissioned | G11: Recycled IP
A12: 10.220.22.247 | B12: EG-NALWLDV-B04 | C12: Does not respond to ping (since 060413)
A13: 10.220.68.5 | B13: EG-CNAPP-F01 | C13: Does not respond to ping (since 060413) | F13: Hold for Platform? | G13: Recycled IP
A14: 10.220.68.121 | B14: EG-CNAPP-F02 | C14: Does not respond to ping (since 060413) | F14: Hold for Platform? | G14: Recycled IP
A15: 10.220.68.122 | B15: EG-CNAPP-F03 | C15: Does not respond to ping (since 060413) | F15: Hold for Platform? | G15: Recycled IP
A16: 10.220.68.132 | B16: EG-CNAPP-F04 | C16: Does not respond to ping (since 060413) | F16: Hold for Platform? | G16: Recycled IP
A17: 10.221.241.244 | B17: c400tmpblsql.oob.westgroup.net | C17: Does not respond to ping (since 052413) | G17: Recycled IP
A18: 10.222.122.43 | B18: TLRUSDCDC01 | C18: Does not respond to ping (since 060413) | G18: Recycled IP
A19: 10.222.122.97 | B19: PROD01 | C19: Does not respond to ping (since 111212) | G19: Recycled IP
A20: 10.222.122.98 | B20: PROD02 | C20: Does not respond to ping (since 111712) | G20: Recycled IP
A21: 163.231.95.64 | B21: EG-GSIFS-B03 | C21: Does not respond to ping (since 092712) | G21: Recycled IP
A22: 167.68.164.215 | B22: eg-hbrsql-b55c | C22: Does not respond to ping (since 042813) | G22: Recycled IP
A23: 167.68.164.218 | B23: eg-hbrsql-b57c | C23: Does not respond to ping (since 042813) | G23: Recycled IP
A24: 167.68.180.168 | B24: eg-hbrsql-a51c | C24: Does not respond to ping (since 042113) | G24: Recycled IP
A25: 167.68.180.193 | B25: eg-hbrsql-a53c | C25: Does not respond to ping (since 042113) | G25: Recycled IP
A26: 10.206.19.107 | B26: pvcluster.int.thomsonreuters.com | C26: This IP's assignment information does not match DNS or ServiceManager (since 050713) | D26: pvcluster.int.thomsonreuters.com | E26: 10.206.19.107
A27: 10.220.20.141 | B27: Eg-Eltvmdv-B12 | C27: Does not respond to ping (since 031213)
A28: 10.220.20.142 | B28: eg-eltvmdv-b13 | C28: Does not respond to ping (since 031213)
A29: 10.220.20.143 | B29: eg-eltvmdv-b14 | C29: Does not respond to ping (since 031213)
A30: 10.220.20.144 | B30: Eg-Eltvmdv-B15 | C30: Does not respond to ping (since 031213)
A31: 10.223.16.109 | B31: LA-SUP38-W2K8S5 | C31: Does not respond to ping (since 060413)
A32: 10.223.16.184 | B32: C803CNP3ECQ61 | C32: Does not respond to ping (since 060413)
A33: 10.223.17.93 | B33: C701RBN3EFQ02 | C33: Does not respond to ping (since 060413)
A34: 10.223.17.198 | B34: la-dev-bt03 | C34: Does not respond to ping (since 060413)
A35: 10.206.16.3 | B35: powerapp.int.westgroup.com | C35: This IP's assignment information does not match DNS or ServiceManager (since 070613) | D35: powerapp.int.westgroup.com | E35: 10.206.16.3
A36: 10.206.16.20 | B36: rsgprod-test.int.westgroup.com | C36: This IP's assignment information does not match DNS or ServiceManager (since 071213) | D36: rsgprod-test.int.westgroup.com | E36: 10.206.16.20
A37: 10.213.32.218 | B37: NEW-CUFSCORP01 | C37: Does not respond to ping (since 060413)
A38: 10.226.50.178 | B38: boardlinkservices-qa.accelus.eu | C38: This IP's assignment information does not match DNS or ServiceManager (since 070313) | D38: boardlinkservices-qa.accelus.eu | E38: 10.226.50.178
A39: 10.226.50.179 | B39: boardlinkdav-qa.accelus.eu | C39: This IP's assignment information does not match DNS or ServiceManager (since 070313) | D39: boardlinkdav-qa.accelus.eu | E39: 10.226.50.179
A40: 10.185.3.8 | B40: eccrg.mgmt.tlrg.com | C40: This IP's assignment information does not match DNS or ServiceManager (since 062713) | D40: ECCRG.mgmt.tlrg.com | E40: 10.185.3.8
A41: 10.219.10.21 | B41: LSD-BLADE01 | C41: This IP's assignment information does not match DNS or ServiceManager (since 092113)
A42: 10.221.3.240 | B42: c998gttblfs.ecom.tlrg.com | C42: This IP's assignment information does not match DNS or ServiceManager (since 082713) | D42: C998GTTBLFS.ecom.tlrg.com | E42: 10.221.3.240
A43: 10.225.20.5 | B43: tlrielkhubweb07.hubbardhost.com | C43: This IP's assignment information does not match DNS or ServiceManager (since 031913) | D43: tlrielkhubweb07.hubbardhost.com | E43: 10.225.20.5
A44: 10.225.20.6 | B44: tlrielkhubweb08.hubbardhost.com | C44: This IP's assignment information does not match DNS or ServiceManager (since 031913) | D44: tlrielkhubweb08.hubbardhost.com | E44: 10.225.20.6
A45: 167.68.150.6 | B45: eg-lwschl-a37.ecom.tlrg.com | C45: This IP's ServiceManager entry does not match the ServiceManager entry corresponding to the DNS name (since 092113) | D45: eg-lwschl-a37.ecom.tlrg.com | E45: 167.68.150.6
A46: 167.68.180.232 | B46: eg-twbsql-a01C | C46: Does not respond to ping (since 060413)
A47: 167.68.217.39 | B47: EG-HBRBTS-A15 | C47: Does not respond to ping (since 060413)

Sheet Zipper 10-1
A1: Given IP Address | B1: Given Hostname | C1: Description | D1: DNS Name | E1: IP Address | F1: Notes | G1: Action Taken | H1: Compared
A2: 10.176.12.51 | B2: c427fnt | C2: Does not respond to ping (since 062213) | F2: New IP | G2: Recycled IP | H2: =VLOOKUP(A2,'Zipper 9-24'!A2:A47,1,0) -> #N/A
A3: 10.206.16.3 | B3: powerapp.int.westgroup.com | C3: This IP's assignment information does not match DNS or ServiceManager (since 070613) | D3: powerapp.int.westgroup.com | E3: 10.206.16.3 | H3: =VLOOKUP(A3,'Zipper 9-24'!A3:A48,1,0) -> 10.206.16.3
A4: 10.206.16.20 | B4: rsgprod-test.int.westgroup.com | C4: This IP's assignment information does not match DNS or ServiceManager (since 071213) | D4: rsgprod-test.int.westgroup.com | E4: 10.206.16.20 | H4: =VLOOKUP(A4,'Zipper 9-24'!A4:A49,1,0) -> 10.206.16.20
A5: 10.226.50.178 | B5: boardlinkservices-qa.accelus.eu | C5: This IP's assignment information does not match DNS or ServiceManager (since 070313) | D5: boardlinkservices-qa.accelus.eu | E5: 10.226.50.178 | H5: =VLOOKUP(A5,'Zipper 9-24'!A10:A55,1,0) -> 10.226.50.178
A6: 10.220.19.94 | B6: eg-tasqlq-b01C | C6: Does not respond to ping (since 061513) | F6: Decommissioned | G6: Recycled IP | H6: =VLOOKUP(A6,'Zipper 9-24'!A6:A51,1,0) -> #N/A
A7: 10.220.19.95 | B7: EG-TASQLQ-B01M | C7: Does not respond to ping (since 061513) | F7: Decommissioned | G7: Recycled IP | H7: =VLOOKUP(A7,'Zipper 9-24'!A7:A52,1,0) -> #N/A
A8: 10.220.19.96 | B8: EG-TASQLQ-B01R | C8: Does not respond to ping (since 061513) | F8: Decommissioned | G8: Recycled IP | H8: =VLOOKUP(A8,'Zipper 9-24'!A8:A53,1,0) -> #N/A
A9: 10.225.4.136 | B9: tss1vdev0104 | C9: Does not respond to ping (since 120712) | F9: Decommissioned | G9: Recycled IP | H9: =VLOOKUP(A9,'Zipper 9-24'!A9:A54,1,0) -> #N/A
A10: 10.226.50.179 | B10: boardlinkdav-qa.accelus.eu | C10: This IP's assignment information does not match DNS or ServiceManager (since 070313) | D10: boardlinkdav-qa.accelus.eu | E10: 10.226.50.179 | H10: =VLOOKUP(A10,'Zipper 9-24'!A11:A56,1,0) -> 10.226.50.179
A11: 10.206.19.107 | B11: pvcluster.int.thomsonreuters.com | C11: This IP's assignment information does not match DNS or ServiceManager (since 050713) | D11: pvcluster.int.thomsonreuters.com | E11: 10.206.19.107 | H11: =VLOOKUP(A11,'Zipper 9-24'!A16:A61,1,0) -> 10.206.19.107
A12: 163.231.96.4 | B12: EG-ATLSQL-B11R | C12: Does not respond to ping (since 061813) | G12: Recycled IP | H12: =VLOOKUP(A12,'Zipper 9-24'!A12:A57,1,0) -> #N/A
A13: 163.231.96.134 | B13: eg-atlsql-b10c | C13: Does not respond to ping (since 061813) | F13: Decommissioned | G13: Recycled IP | H13: =VLOOKUP(A13,'Zipper 9-24'!A13:A58,1,0) -> #N/A
A14: 163.231.96.136 | B14: eg-atlsql-b10m | C14: Does not respond to ping (since 061813) | F14: Decommissioned | G14: Recycled IP | H14: =VLOOKUP(A14,'Zipper 9-24'!A14:A59,1,0) -> #N/A
A15: 163.231.96.143 | B15: eg-atlsql-b10r | C15: Does not respond to ping (since 061813) | F15: Decommissioned | G15: Recycled IP | H15: =VLOOKUP(A15,'Zipper 9-24'!A15:A60,1,0) -> #N/A
A16: 10.185.3.8 | B16: eccrg.mgmt.tlrg.com | C16: This IP's assignment information does not match DNS or ServiceManager (since 062713) | D16: ECCRG.mgmt.tlrg.com | E16: 10.185.3.8 | H16: =VLOOKUP(A16,'Zipper 9-24'!A20:A65,1,0) -> 10.185.3.8
A17: 10.220.94.41 | B17: EG-TFSSQL-A01 | C17: Does not respond to ping (since 061813) | F17: Decommissioned | G17: Recycled IP | H17: =VLOOKUP(A17,'Zipper 9-24'!A17:A62,1,0) -> #N/A
A18: 163.231.30.100 | B18: TLRUSMNEAGPBC01 | C18: Does not respond to ping (since 061913) | F18: Decommissioned | G18: Recycled IP | H18: =VLOOKUP(A18,'Zipper 9-24'!A18:A63,1,0) -> #N/A
A19: 163.231.30.102 | B19: TLRUSMNEAGPUB05 | C19: Does not respond to ping (since 061913) | F19: Decommissioned | G19: Recycled IP | H19: =VLOOKUP(A19,'Zipper 9-24'!A19:A64,1,0) -> #N/A
A20: 10.219.10.21 | B20: LSD-BLADE01 | C20: This IP's assignment information does not match DNS or ServiceManager (since 093013) | H20: =VLOOKUP(A20,'Zipper 9-24'!A25:A70,1,0) -> 10.219.10.21
A21: 10.214.3.55 | B21: EG-WRCSQL-B44R | C21: Does not respond to ping (since 052313) | F21: Decommissioned | G21: Recycled IP | H21: =VLOOKUP(A21,'Zipper 9-24'!A21:A66,1,0) -> #N/A
A22: 10.214.3.56 | B22: EG-WRCSQL-B44M | C22: Does not respond to ping (since 052313) | F22: Decommissioned | G22: Recycled IP | H22: =VLOOKUP(A22,'Zipper 9-24'!A22:A67,1,0) -> #N/A
A23: 10.215.11.91 | B23: EG-WRCSQL-A34M | C23: Does not respond to ping (since 042113) | F23: Decommissioned | G23: Recycled IP | H23: =VLOOKUP(A23,'Zipper 9-24'!A23:A68,1,0) -> #N/A
A24: 10.215.11.95 | B24: EG-WRCSQL-A34R | C24: Does not respond to ping (since 042113) | F24: Decommissioned | G24: Recycled IP | H24: =VLOOKUP(A24,'Zipper 9-24'!A24:A69,1,0) -> #N/A
A25: 10.221.3.240 | B25: c998gttblfs.ecom.tlrg.com | C25: This IP's assignment information does not match DNS or ServiceManager (since 082713) | D25: C998GTTBLFS.ecom.tlrg.com | E25: 10.221.3.240 | H25: =VLOOKUP(A25,'Zipper 9-24'!A31:A76,1,0) -> 10.221.3.240
A26: 10.220.22.247 | B26: EG-NALWLDV-B04 | C26: Does not respond to ping (since 060413) | F26: Decommissioned | G26: Recycled IP | H26: =VLOOKUP(A26,'Zipper 9-24'!A26:A71,1,0) -> #N/A
A27: 10.220.68.5 | B27: EG-CNAPP-F01 | C27: Does not respond to ping (since 060413) | F27: Decommissioned | G27: Recycled IP | H27: =VLOOKUP(A27,'Zipper 9-24'!A27:A72,1,0) -> #N/A
A28: 10.220.68.121 | B28: EG-CNAPP-F02 | C28: Does not respond to ping (since 060413) | F28: Decommissioned | G28: Recycled IP | H28: =VLOOKUP(A28,'Zipper 9-24'!A28:A73,1,0) -> #N/A
A29: 10.220.68.122 | B29: EG-CNAPP-F03 | C29: Does not respond to ping (since 060413) | F29: Decommissioned | G29: Recycled IP | H29: =VLOOKUP(A29,'Zipper 9-24'!A29:A74,1,0) -> #N/A
A30: 10.220.68.132 | B30: EG-CNAPP-F04 | C30: Does not respond to ping (since 060413) | F30: Decommissioned | G30: Recycled IP | H30: =VLOOKUP(A30,'Zipper 9-24'!A30:A75,1,0) -> #N/A
A31: 10.225.20.5 | B31: tlrielkhubweb07.hubbardhost.com | C31: This IP's assignment information does not match DNS or ServiceManager (since 092613) | D31: tlrielkhubweb07.hubbardhost.com | E31: 10.225.20.5 | H31: =VLOOKUP(A31,'Zipper 9-24'!A36:A81,1,0) -> 10.225.20.5
A32: 10.221.241.244 | B32: c400tmpblsql.oob.westgroup.net | C32: Does not respond to ping (since 052413) | H32: =VLOOKUP(A32,'Zipper 9-24'!A32:A77,1,0) -> #N/A
A33: 10.222.122.43 | B33: TLRUSDCDC01 | C33: Does not respond to ping (since 060413) | G33: Recycled IP | H33: =VLOOKUP(A33,'Zipper 9-24'!A33:A78,1,0) -> #N/A
A34: 10.222.122.97 | B34: PROD01 | C34: Does not respond to ping (since 111212) | G34: Recycled IP | H34: =VLOOKUP(A34,'Zipper 9-24'!A34:A79,1,0) -> #N/A
A35: 10.222.122.98 | B35: PROD02 | C35: Does not respond to ping (since 111712) | G35: Recycled IP | H35: =VLOOKUP(A35,'Zipper 9-24'!A35:A80,1,0) -> #N/A
A36: 10.225.20.6 | B36: tlrielkhubweb08.hubbardhost.com | C36: This IP's assignment information does not match DNS or ServiceManager (since 092613) | D36: tlrielkhubweb08.hubbardhost.com | E36: 10.225.20.6 | H36: =VLOOKUP(A36,'Zipper 9-24'!A37:A82,1,0) -> 10.225.20.6
A37: 167.68.150.6 | B37: eg-lwschl-a37.ecom.tlrg.com | C37: This IP's ServiceManager entry does not match the ServiceManager entry corresponding to the DNS name (since 093013) | D37: eg-lwschl-a37.ecom.tlrg.com | E37: 167.68.150.6 | H37: =VLOOKUP(A37,'Zipper 9-24'!A39:A84,1,0) -> 167.68.150.6
A38: 163.231.95.64 | B38: EG-GSIFS-B03 | C38: Does not respond to ping (since 092712) | G38: Recycled IP | H38: =VLOOKUP(A38,'Zipper 9-24'!A38:A83,1,0) -> #N/A
A39: 10.213.32.218 | B39: NEW-CUFSCORP01 | C39: Does not respond to ping (since 060413) | F39: Decommissioned | G39: Recycled IP | H39: =VLOOKUP(A39,'Zipper 9-24'!A5:A50,1,0) -> 10.213.32.218
A40: 167.68.164.215 | B40: eg-hbrsql-b55c | C40: Does not respond to ping (since 042813) | G40: Recycled IP | H40: =VLOOKUP(A40,'Zipper 9-24'!A40:A85,1,0) -> #N/A
A41: 167.68.164.218 | B41: eg-hbrsql-b57c | C41: Does not respond to ping (since 042813) | G41: Recycled IP | H41: =VLOOKUP(A41,'Zipper 9-24'!A41:A86,1,0) -> #N/A
A42: 167.68.180.168 | B42: eg-hbrsql-a51c | C42: Does not respond to ping (since 042113) | G42: Recycled IP | H42: =VLOOKUP(A42,'Zipper 9-24'!A42:A87,1,0) -> #N/A
A43: 167.68.180.193 | B43: eg-hbrsql-a53c | C43: Does not respond to ping (since 042113) | G43: Recycled IP | H43: =VLOOKUP(A43,'Zipper 9-24'!A43:A88,1,0) -> #N/A
A44: 167.68.180.232 | B44: eg-twbsql-a01C | C44: Does not respond to ping (since 060413) | G44: Recycled IP | H44: =VLOOKUP(A44,'Zipper 9-24'!A44:A89,1,0) -> 167.68.180.232
A45: 167.68.217.39 | B45: EG-HBRBTS-A15 | C45: Does not respond to ping (since 060413) | G45: Recycled IP | H45: =VLOOKUP(A45,'Zipper 9-24'!A45:A90,1,0) -> 167.68.217.39

Sheet Zipper 10-9
A1: Given IP Address | B1: Given Hostname | C1: Description | D1: DNS Name | E1: IP Address | F1: Notes | G1: Action Taken
A2: 10.220.20.141 | B2: Eg-Eltvmdv-B12 | C2: Does not respond to ping (since 031213)
A3: 10.220.20.142 | B3: eg-eltvmdv-b13 | C3: Does not respond to ping (since 031213)
A4: 10.220.20.143 | B4: eg-eltvmdv-b14 | C4: Does not respond to ping (since 031213)
A5: 10.220.20.144 | B5: Eg-Eltvmdv-B15 | C5: Does not respond to ping (since 031213)
A6: 10.215.11.91 | B6: EG-WRCSQL-A34M | C6: Does not respond to ping (since 042113)
A7: 10.215.11.95 | B7: EG-WRCSQL-A34R | C7: Does not respond to ping (since 042113)
A8: 167.68.180.168 | B8: eg-hbrsql-a51c | C8: Does not respond to ping (since 042113)
A9: 167.68.180.193 | B9: eg-hbrsql-a53c | C9: Does not respond to ping (since 042113)
A10: 167.68.164.215 | B10: eg-hbrsql-b55c | C10: Does not respond to ping (since 042813)
A11: 167.68.164.218 | B11: eg-hbrsql-b57c | C11: Does not respond to ping (since 042813)
A12: 10.214.3.55 | B12: EG-WRCSQL-B44R | C12: Does not respond to ping (since 052313)
A13: 10.214.3.56 | B13: EG-WRCSQL-B44M | C13: Does not respond to ping (since 052313)
... A20: 10.222.122.43 | B20: TLRUSDCDC01 | C20: Does not respond to ping (since 060413)
A21: 10.223.16.109 | B21: LA-SUP38-W2K8S5 | C21: Does not respond to ping (since 060413) | G21: Recycled IP
A22: 10.223.16.184 | B22: C803CNP3ECQ61 | C22: Does not respond to ping (since 060413) | D22: BUILDBOX38 | E22: 10.223.16.184 | F22: Wrong IP?
A23: 10.223.17.93 | B23: C701RBN3EFQ02 | C23: Does not respond to ping (since 060413) | D23: LA-CB-DEV-RM02 | E23: 10.223.17.93 | F23: Wrong IP?
A24: 10.223.17.198 | B24: la-dev-bt03 | C24: Does not respond to ping (since 060413) | D24: ELITECLIENT3 | E24: 10.223.17.198 | F24: Wrong IP?
A25: 10.213.32.218 | B25: NEW-CUFSCORP01 | C25: Does not respond to ping (since 060413) | F25: Decommissioned | G25: Recycled IP
A26: 167.68.180.232 | B26: eg-twbsql-a01C | C26: Does not respond to ping (since 060413)
A27: 167.68.217.39 | B27: EG-HBRBTS-A15 | C27: Does not respond to ping (since 060413) | F27: New IP | G27: Recycled IP
A28: 10.220.19.94 | B28: eg-tasqlq-b01C | C28: Does not respond to ping (since 061513)
A29: 10.220.19.95 | B29: EG-TASQLQ-B01M | C29: Does not respond to ping (since 061513)
A30: 10.220.19.96 | B30: EG-TASQLQ-B01R | C30: Does not respond to ping (since 061513)
A31: 163.231.96.4 | B31: EG-ATLSQL-B11R | C31: Does not respond to ping (since 061813)
A32: 163.231.96.134 | B32: EG-ATLSQL-B10C | C32: Does not respond to ping (since 061813)
A33: 163.231.96.136 | B33: EG-ATLSQL-B10M | C33: Does not respond to ping (since 061813)
A34: 163.231.96.143 | B34: EG-ATLSQL-B10R | C34: Does not respond to ping (since 061813)
A35: 10.221.254.212 | B35: EG-TFSSQL-A01 | C35: Does not respond to ping (since 062713) | F35: Decommissioned | G35: Recycled IP
A36: 10.176.8.5 | B36: C978DBRBLAPP | C36: Does not respond to ping (since 062713) | F36: New IP | G36: Recycled IP
A37: 10.176.8.6 | B37: c478sqdblweb | C37: Does not respond to ping (since 062713) | F37: New IP | G37: Recycled IP
A38: 10.204.32.239 | B38: C111HGB | C38: Does not respond to ping (since 062813) | F38: V2V | G38: Recycled IP
A39: 10.220.49.122 | B39: RA_EG-ICMSQL-B01 | C39: Does not respond to ping (since 062813) | F39: Decommissioned | G39: Recycled IP
A40: 10.215.13.12 | B40: eg-gsiapp-a37.prodpublishingpathwaya.local | C40: Does not respond to ping (since 062813)
A41: 167.68.237.209 | B41: eg-carvmhs-a04.westlan.com | C41: Does not respond to ping (since 062813)
A42: 167.68.237.210 | B42: eg-carvmhs-a05.westlan.com | C42: Does not respond to ping (since 062813)
A43: 163.231.95.64 | B43: EG-GSIFS-B03 | C43: Does not respond to ping (since 092712) | F43: New IP | G43: Recycled IP
A44: 10.222.122.97 | B44: PROD01 | C44: Does not respond to ping (since 111212)
A45: 10.222.122.98 | B45: PROD02 | C45: Does not respond to ping (since 111712)
A46: 10.225.4.136 | B46: tss1vdev0104 | C46: Does not respond to ping (since 120712)
A47: 10.176.8.251 | B47: c111zcj.tlr.thomson.com | C47: Does not respond to ping (since 121412)
A48: 10.206.19.107 | B48: pvcluster.int.thomsonreuters.com | C48: This IP's assignment information does not match DNS or ServiceManager (since 050713) | D48: pvcluster.int.thomsonreuters.com | E48: 10.206.19.107
A49: 10.185.3.8 | B49: eccrg.mgmt.tlrg.com | C49: This IP's assignment information does not match DNS or ServiceManager (since 062713) | D49: ECCRG.mgmt.tlrg.com | E49: 10.185.3.8
A50: 10.226.50.178 | B50: boardlinkservices-qa.accelus.eu | C50: This IP's assignment information does not match DNS or ServiceManager (since 070313) | D50: boardlinkservices-qa.accelus.eu | E50: 10.226.50.178
A51: 10.226.50.179 | B51: boardlinkdav-qa.accelus.eu | C51: This IP's assignment information does not match DNS or ServiceManager (since 070313) | D51: boardlinkdav-qa.accelus.eu | E51: 10.226.50.179
A52: 10.206.16.20 | B52: rsgprod-test.int.westgroup.com | C52: This IP's assignment information does not match DNS or ServiceManager (since 071213) | D52: rsgprod-test.int.westgroup.com | E52: 10.206.16.20
A53: 10.221.3.240 | B53: c998gttblfs.ecom.tlrg.com | C53: This IP's assignment information does not match DNS or ServiceManager (since 082713) | D53: C998GTTBLFS.ecom.tlrg.com | E53: 10.221.3.240
A54: 10.225.20.5 | B54: tlrielkhubweb07.hubbardhost.com | C54: This IP's assignment information does not match DNS or ServiceManager (since 092613) | D54: tlrielkhubweb07.hubbardhost.com | E54: 10.225.20.5
A55: 10.225.20.6 | B55: tlrielkhubweb08.hubbardhost.com | C55: This IP's assignment information does not match DNS or ServiceManager (since 092613) | D55: tlrielkhubweb08.hubbardhost.com | E55: 10.225.20.6
A56: 10.219.10.21 | B56: LSD-BLADE01 | C56: This IP's assignment information does not match DNS or ServiceManager (since 100413)
A57: 167.68.150.6 | B57: eg-lwschl-a37.ecom.tlrg.com | C57: This IP's ServiceManager entry does not match the ServiceManager entry corresponding to the DNS name (since 100413) | D57: eg-lwschl-a37.ecom.tlrg.com | E57: 167.68.150.6

Sheet Zipper 10-15
A1: Given IP Address | B1: GivenHostname | C1: Description | D1: DNS Name | E1: IP Address | F1: Notes | G1: Action Taken | H1: GivenHostnameLastweeks | I1: Check if the same
A2: 10.52.141.71 | B2: C784EMTFAUAD1 | C2: Does not respond to ping (since 070213) | F2: New IP | G2: Recycled IP | H2: Eg-Eltvmdv-B12
A3: 10.206.16.20 | B3: rsgprod-test.int.westgroup.com | C3: This IP's assignment information does not match DNS or ServiceManager (since 071213) | D3: rsgprod-test.int.westgroup.com | E3: 10.206.16.20 | H3: eg-eltvmdv-b13
A4: 10.213.32.218 | B4: NEW-CUFSCORP01 | C4: Does not respond to ping (since 060413) | F4: Decommission | G4: Recycled IP | H4: eg-eltvmdv-b14
A5: 10.220.19.94 | B5: eg-tasqlq-b01C | C5: Does not respond to ping (since 061513) | F5: Decommission | G5: Recycled IP | H5: Eg-Eltvmdv-B15
A6: 10.220.19.95 | B6: EG-TASQLQ-B01M | C6: Does not respond to ping (since 061513) | F6: Decommission | G6: Recycled IP | H6: EG-WRCSQL-A34M
A7: 10.220.19.96 | B7: EG-TASQLQ-B01R | C7: Does not respond to ping (since 061513) | F7: Decommission | G7: Recycled IP | H7: EG-WRCSQL-A34R
A8: 10.220.48.222 | B8: RA-EG-TASQLQ-B01 | C8: Does not respond to ping (since 070213) | F8: Decommission | G8: Recycled IP | H8: eg-hbrsql-a51c
A9: 10.220.48.223 | B9: RA-EG-TASQLQ-B02 | C9: Does not respond to ping (since 070213) | F9: Decommission | G9: Recycled IP | H9: eg-hbrsql-a53c
A10: 10.221.240.243 | B10: RA-EG-ATLSQL-B10 | C10: Does not respond to ping (since 070213) | F10: Decommission | G10: Recycled IP | H10: eg-hbrsql-b55c
A11: 10.221.241.196 | B11: RA-EG-ATLSQL-B11 | C11: Does not respond to ping (since 070213) | F11: Decommission | G11: Recycled IP | H11: eg-hbrsql-b57c
A12: 10.221.244.179 | B12: RA-EG-TASQL-A02 | C12: Does not respond to ping (since 063013) | F12: Decommission | G12: Recycled IP | H12: EG-WRCSQL-B44R
A13: 10.225.4.136 | B13: tss1vdev0104 | C13: Does not respond to ping (since 120712) | F13: Has not Responded since December | G13: Recycled IP | H13: EG-WRCSQL-B44M
A14: 10.225.23.203 | B14: LM-TRTA-C01 | C14: Does not respond to ping (since 070313) | F14: V2V | G14: Recycled IP | H14: c400tmpblsql.oob.westgroup.net
A15: 10.226.4.212 | B15: trsielkcmgora01.isihost.com | C15: Does not respond to ping (since 070313) | G15: Recycled IP | H15: EG-NALWLDV-B04
A16: 10.226.50.178 | B16: boardlinkservices-qa.accelus.eu | C16: This IP's assignment information does not match DNS or ServiceManager (since 070313) | D16: boardlinkservices-qa.accelus.eu | E16: 10.226.50.178 | H16: EG-CNAPP-F01
A17: 10.226.50.179 | B17: boardlinkdav-qa.accelus.eu | C17: This IP's assignment information does not match DNS or ServiceManager (since 070313) | D17: boardlinkdav-qa.accelus.eu | E17: 10.226.50.179 | H17: EG-CNAPP-F02
A18: 10.226.67.80 | B18: C111FCV-ilo | C18: Does not respond to ping (since 070313) | F18: Decommission | G18: Recycled IP | H18: EG-CNAPP-F03
A19: 10.237.171.71 | B19: C111AKN | C19: Does not respond to ping (since 070313) | F19: Server has been repurposed | G19: Recycled IP | H19: EG-CNAPP-F04
A20: 163.231.96.4 | B20: EG-ATLSQL-B11R | C20: Does not respond to ping (since 061813) | G20: Recycled IP | H20: TLRUSDCDC01
A21: 163.231.96.134 | B21: EG-ATLSQL-B10C | C21: Does not respond to ping (since 061813) | G21: Recycled IP | H21: LA-SUP38-W2K8S5
A22: 163.231.96.136 | B22: EG-ATLSQL-B10M | C22: Does not respond to ping (since 061813) | G22: Recycled IP | H22: C803CNP3ECQ61
A23: 163.231.96.143 | B23: EG-ATLSQL-B10R | C23: Does not respond to ping (since 061813) | G23: Recycled IP | H23: C701RBN3EFQ02
A24: 10.206.19.107 | B24: pvcluster.int.thomsonreuters.com | C24: This IP's assignment information does not match DNS or ServiceManager (since 050713) | D24: pvcluster.int.thomsonreuters.com | E24: 10.206.19.107 | H24: la-dev-bt03
A25: 10.215.44.46 | B25: C406NMSCPASQF | C25: Does not respond to ping (since 070513) | F25: New IP | G25: Recycled IP | H25: NEW-CUFSCORP01
A26: 10.215.44.47 | B26: C442TDDCPASQF | C26: Does not respond to ping (since 070513) | F26: New IP | G26: Recycled IP | H26: eg-twbsql-a01C
A27: 10.220.20.141 | B27: Eg-Eltvmdv-B12 | C27: Does not respond to ping (since 031213) | G27: Recycled IP | H27: EG-HBRBTS-A15
A28: 10.220.20.142 | B28: eg-eltvmdv-b13 | C28: Does not respond to ping (since 031213) | G28: Recycled IP | H28: eg-tasqlq-b01C
A29: 10.220.20.143 | B29: eg-eltvmdv-b14 | C29: Does not respond to ping (since 031213) | G29: Recycled IP | H29: EG-TASQLQ-B01M
A30: 10.220.20.144 | B30: Eg-Eltvmdv-B15 | C30: Does not respond to ping (since 031213) | G30: Recycled IP | H30: EG-TASQLQ-B01R
A31: 10.223.16.109 | B31: LA-SUP38-W2K8S5 | C31: Does not respond to ping (since 060413) | H31: EG-ATLSQL-B11R
A32: 10.226.64.185 | B32: LM-H1POC-B02-ilo | C32: Does not respond to ping (since 070313) | F32: Decommission | G32: Recycled IP | H32: EG-ATLSQL-B10C
A33: 10.221.241.250 | B33: EG-CRISQLQA-B01 | C33: Does not respond to ping (since 070213) | F33: No SM Record | G33: Recycled IP | H33: EG-ATLSQL-B10M
H34: EG-ATLSQL-B10R
H35: EG-TFSSQL-A01
H36: C978DBRBLAPP
H37: c478sqdblweb
H38: C111HGB
H39: RA_EG-ICMSQL-B01
H40: eg-gsiapp-a37.prodpublishingpathwaya.local
H41: eg-carvmhs-a04.westlan.com
H42: eg-carvmhs-a05.westlan.com
H43: EG-GSIFS-B03
H44: PROD01
H45: PROD02
... H57: eg-lwschl-a37.ecom.tlrg.com

Sheet Zipper 10-22
A1: Given IP Address | B1: Given Hostname | C1: Description | D1: DNS Name | E1: IP Address | F1: Notes | G1: Action Taken
A2: 10.204.60.78 | B2: C334BXBWNASQE | C2: Does not respond to ping (since 071313) | E2: 10.204.54.52 | F2: New IP | G2: Recycled IP
A3: 10.206.19.107 | B3: pvcluster.int.thomsonreuters.com | C3: This IP's assignment information does not match DNS or ServiceManager (since 050713) | D3: pvcluster.int.thomsonreuters.com | E3: 10.206.19.107
A4: 10.220.20.141 | B4: Eg-Eltvmdv-B12 | C4: Does not respond to ping (since 031213)
A5: 10.220.20.142 | B5: eg-eltvmdv-b13 | C5: Does not respond to ping (since 031213)
A6: 10.220.20.143 | B6: eg-eltvmdv-b14 | C6: Does not respond to ping (since 031213)
A7: 10.220.20.144 | B7: Eg-Eltvmdv-B15 | C7: Does not respond to ping (since 031213)
A8: 10.223.16.109 | B8: LA-SUP38-W2K8S5 | C8: Does not respond to ping (since 060413)
A9: 10.205.50.27 | B9: C111FZP | C9: Does not respond to ping (since 071013) | G9: Recycled IP
A10: 10.205.50.28 | B10: C111VAQ | C10: Does not respond to ping (since 071013)
A11: 10.206.16.20 | B11: rsgprod-test.int.westgroup.com | C11: This IP's assignment information does not match DNS or ServiceManager (since 071213) | D11: rsgprod-test.int.westgroup.com | E11: 10.206.16.20
A12: 10.213.32.218 | B12: NEW-CUFSCORP01 | C12: Does not respond to ping (since 060413) | F12: Decomissioned | G12: Recycled IP
A13: 10.220.19.94 | B13: eg-tasqlq-b01C | C13: Does not respond to ping (since 061513) | F13: Decomissioned | G13: Recycled IP
A14: 10.220.19.95 | B14: EG-TASQLQ-B01M | C14: Does not respond to ping (since 061513) | F14: Decomissioned | G14: Recycled IP
A15: 10.220.19.96 | B15: EG-TASQLQ-B01R | C15: Does not respond to ping (since 061513) | F15: Decomissioned | G15: Recycled IP
A16: 10.225.4.136 | B16: tss1vdev0104 | C16: Does not respond to ping (since 120712) | F16: Decomissioned | G16: Recycled IP
A17: 10.226.4.212 | B17: trsielkcmgora01 | C17: Does not respond to ping (since 070313)
A18: 10.226.50.178 | B18: boardlinkservices-qa.accelus.eu | C18: This IP's assignment information does not match DNS or ServiceManager (since 070313) | D18: boardlinkservices-qa.accelus.eu | E18: 10.226.50.178
A19: 10.226.50.179 | B19: boardlinkdav-qa.accelus.eu | C19: This IP's assignment information does not match DNS or ServiceManager (since 070313) | D19: boardlinkdav-qa.accelus.eu | E19: 10.226.50.179
A20: 163.231.96.4 | B20: EG-ATLSQL-B11R | C20: Does not respond to ping (since 061813)
A21: 163.231.96.134 | B21: EG-ATLSQL-B10C | C21: Does not respond to ping (since 061813)
A22: 163.231.96.136 | B22: EG-ATLSQL-B10M | C22: Does not respond to ping (since 061813)
A23: 163.231.96.143 | B23: EG-ATLSQL-B10R | C23: Does not respond to ping (since 061813)
A24: 10.176.8.251 | B24: c111zcj.tlr.thomson.com | C24: Does not respond to ping (since 121412) | F24: Wrong IP Listed in Zipper | G24: Sent email to Directory Services
A25: 10.185.3.8 | B25: eccrg.mgmt.tlrg.com | C25: This IP's assignment information does not match DNS or ServiceManager (since 062713) | D25: ECCRG.mgmt.tlrg.com | E25: 10.185.3.8
A26: 10.214.3.55 | B26: EG-WRCSQL-B44R | C26: Does not respond to ping (since 052313)
A27: 10.214.3.56 | B27: EG-WRCSQL-B44M | C27: Does not respond to ping (since 052313)
A28: 10.215.11.91 | B28: EG-WRCSQL-A34M | C28: Does not respond to ping (since 042113)
A29: 10.215.11.95 | B29: EG-WRCSQL-A34R | C29: Does not respond to ping (since 042113)
A30: 10.215.13.3 | B30: eg-gsigra-a02.prodpublishingpathwaya.local | C30: Does not respond to ping (since 070913) | F30: Decomissioned | G30: Recycled IP
A31: 10.215.13.4 | B31: eg-gsiapp-a07.prodpublishingpathwaya.local | C31: Does not respond to ping (since 070213) | F31: Decomissioned | G31: Recycled IP
A32: 10.215.13.9 | B32: eg-gsiapp-a08.prodpublishingpathwaya.local | C32: Does not respond to ping (since 070813) | F32: Decomissioned | G32: Recycled IP
A33: 10.215.13.10 | B33: eg-gsiapp-a35.prodpublishingpathwaya.local | C33: Does not respond to ping (since 070813) | F33: Decomissioned | G33: Recycled IP
A34: 10.215.13.11 | B34: eg-gsiapp-a36.prodpublishingpathwaya.local | C34: Does not respond to ping (since 070813) | F34: Decomissioned | G34: Recycled IP
A35: 10.215.13.12 | B35: eg-gsiapp-a37.prodpublishingpathwaya.local | C35: Does not respond to ping (since 062813) | F35: Decomissioned | G35: Recycled IP
A36: 10.219.10.21 | B36: LSD-BLADE01 | C36: This IP's assignment information does not match DNS or ServiceManager (since 102113)
A37: 10.220.22.247 | B37: EG-NALWLDV-B04 | C37: Does not respond to ping (since 060413) | F37: Decomissioned | G37: Recycled IP
A38: 10.220.68.5 | B38: EG-CNAPP-F01 | C38: Does not respond to ping (since 060413) | F38: Decomissioned | G38: Recycled IP
A39: 10.220.68.121 | B39: EG-CNAPP-F02 | C39: Does not respond to ping (since 060413) | F39: Decomissioned | G39: Recycled IP
A40: 10.220.68.122 | B40: EG-CNAPP-F03 | C40: Does not respond to ping (since 060413) | F40: Decomissioned | G40: Recycled IP
A41: 10.220.68.132 | B41: EG-CNAPP-F04 | C41: Does not respond to ping (since 060413) | F41: Decomissioned | G41: Recycled IP
A42: 10.221.3.240 | B42: c998gttblfs.ecom.tlrg.com | C42: This IP's assignment information does not match DNS or ServiceManager (since 082713) | D42: C998GTTBLFS.ecom.tlrg.com | E42: 10.221.3.240
A43: 10.221.240.242 | B43: EG-HBRSQL-B18 | C43: Does not respond to ping (since 071113)
A44: 10.221.241.244 | B44: c400tmpblsql.oob.westgroup.net | C44: Does not respond to ping (since 052413)
A45: 10.221.243.182 | B45: RA_EG-WRCSQL-B12 | C45: Does not respond to ping (since 071113) | F45: Decomissioned | G45: Recycled IP
A46: 10.221.249.116 | B46: RA-EG-HBRSQL-B36 | C46: Does not respond to ping (since 071113) | F46: Decomissioned | G46: Recycled IP
A47: 10.221.249.167 | B47: EG-HBRSQL-B32 | C47: Does not respond to ping (since 071113) | F47: Decomissioned | G47: Recycled IP
A48: 10.221.249.250 | B48: EG-HBRSQL-B34 | C48: Does not respond to ping (since 071113) | F48: Decomissioned | G48: Recycled IP
A49: 10.221.252.182 | B49: RA_EG-WRCSQL-A18 | C49: Does not respond to ping (since 071113) | F49: Decomissioned | G49: Recycled IP
A50: 10.221.253.170 | B50: EG-HBRSQL-A33 | C50: Does not respond to ping (since 071113) | F50: Decomissioned | G50: Recycled IP
A51: 10.221.253.175 | B51: EG-HBRSQL-A37 | C51: Does not respond to ping (since 071113) | F51: Decomissioned | G51: Recycled IP
A52: 10.221.253.245 | B52: EG-HBRSQL-A17 | C52: Does not respond to ping (since 071113) | F52: Decomissioned | G52: Recycled IP
A53: 10.221.254.109 | B53: EG-MTSGE-A02 | C53: Does not respond to ping (since 063013) | F53: Decomissioned | G53: Recycled IP
A54: 10.221.254.239 | B54: EG-HBRSQL-A35 | C54: Does not respond to ping (since 071113) | F54: Decomissioned | G54: Recycled IP
A55: 10.222.122.40 | B55: tlrusdcmbx01 | C55: Does not respond to ping (since 071313) | F55: Decomissioned | G55: Recycled IP
A56: 10.222.122.43 | B56: TLRUSDCDC01 | C56: Does not respond to ping (since 060413) | F56: Decomissioned | G56: Recycled IP
A57: 10.222.122.97 | B57: PROD01 | C57: Does not respond to ping (since 111212)
A58: 10.222.122.98 | B58: PROD02 | C58: Does not respond to ping (since 111712)
A59: 10.225.20.5 | B59: tlrielkhubweb07.hubbardhost.com | C59: This IP's assignment information does not match DNS or ServiceManager (since 092613) | D59: tlrielkhubweb07.hubbardhost.com | E59: 10.225.20.5
A60: 10.225.20.6 | B60: tlrielkhubweb08.hubbardhost.com | C60: This IP's assignment information does not match DNS or ServiceManager (since 092613) | D60: tlrielkhubweb08.hubbardhost.com | E60: 10.225.20.6
A61: 10.225.20.7 | B61: C111RXR | C61: Does not respond to ping (since 070313)
A62: 10.225.20.22 | B62: C111WRS | C62: Does not respond to ping (since 070313)
A63: 163.231.95.64 | B63: EG-GSIFS-B03 | C63: Does not respond to ping (since 092712)
A64: 167.68.150.6 | B64: eg-lwschl-a37.ecom.tlrg.com | C64: This IP's ServiceManager entry does not match the ServiceManager entry corresponding to the DNS name (since 102113) | D64: eg-lwschl-a37.ecom.tlrg.com | E64: 167.68.150.6
A65: 167.68.164.215 | B65: eg-hbrsql-b55c | C65: Does not respond to ping (since 042813) | F65: Decomissioned | G65: Recycled IP
A66: 167.68.164.218 | B66: eg-hbrsql-b57c | C66: Does not respond to ping (since 042813) | F66: Decomissioned | G66: Recycled IP
A67: 167.68.180.168 | B67: eg-hbrsql-a51c | C67: Does not respond to ping (since 042113) | F67: Decomissioned | G67: Recycled IP
A68: 167.68.180.193 | B68: eg-hbrsql-a53c | C68: Does not respond to ping (since 042113) | F68: Decomissioned | G68: Recycled IP
A69: 167.68.180.232 | B69: eg-twbsql-a01C | C69: Does not respond to ping (since 060413) | F69: Decomissioned | G69: Recycled IP
A70: 167.68.217.39 | B70: EG-HBRBTS-A15 | C70: Does not respond to ping (since 060413) | F70: Decomissioned | G70: Recycled IP

Sheet Zipper 10-29
A1: Given IP Address | B1: Given Hostname | C1: Description | D1: DNS Name | E1: IP Address | F1: Notes | G1: Action Taken
A2: 10.205.50.27 | B2: C111FZP | C2: Does not respond to ping (since 071013)
A3: 10.205.50.28 | B3: C111VAQ | C3: Does not respond to ping (since 071013)
A4: 10.205.69.53 | B4: c180agmjamf.ten.thomsonreuters.com | C4: This IP's assignment information does not match DNS or ServiceManager (since 101413) | D4: c180agmjamf.ten.thomsonreuters.com | E4: 10.205.69.53 | F4: Wrong Machine Name in Zipper | G4: Changed Machine name
A5: 10.206.16.20 | B5: rsgprod-test.int.westgroup.com | C5: This IP's assignment information does not match DNS or ServiceManager (since 071213) | D5: rsgprod-test.int.westgroup.com | E5: 10.206.16.20
A6: 10.221.68.164 | B6: eg-ssoappqa-a01 | C6: Does not respond to ping (since 071813) | F6: V2V | G6: Recycled IP
A7: 10.226.50.178 | B7: boardlinkservices-qa.accelus.eu | C7: This IP's assignment information does not match DNS or ServiceManager (since 070313) | D7: boardlinkservices-qa.accelus.eu | E7: 10.226.50.178
A8: 10.226.50.179 | B8: boardlinkdav-qa.accelus.eu | C8: This IP's assignment information does not match DNS or ServiceManager (since 070313) | D8: boardlinkdav-qa.accelus.eu | E8: 10.226.50.179
A9: 10.204.108.121 | B9: c334bxbwnasqe | C9: Does not respond to ping (since 071613) | F9: Assigned new IP | G9: Recycled IP
A10: 10.206.19.107 | B10: pvcluster.int.thomsonreuters.com | C10: This IP's assignment information does not match DNS or ServiceManager (since 050713) | D10: pvcluster.int.thomsonreuters.com | E10: 10.206.19.107
A11: 10.176.8.251 | B11: c111zcj.tlr.thomson.com | C11: Does not respond to ping (since 121412) | G11: Recycled IP
A12: 10.185.3.8 | B12: eccrg.mgmt.tlrg.com | C12: This IP's assignment information does not match DNS or ServiceManager (since 062713) | D12: ECCRG.mgmt.tlrg.com | E12: 10.185.3.8
A13: 10.214.155.17 | B13: C814UEKCPASPE | C13: Does not respond to ping (since 071713) | F13: New IP | G13: Recycled IP
A14: 10.214.155.18 | B14: C686VTYCPASPE | C14: Does not respond to ping (since 071713) | F14: New IP | G14: Recycled IP
A15: 10.219.10.21 | B15: LSD-BLADE01 | C15: This IP's assignment information does not match DNS or ServiceManager (since 102713)
A16: 10.221.3.240 | B16: c998gttblfs.ecom.tlrg.com | C16: This IP's assignment information does not match DNS or ServiceManager (since 082713) | D16: C998GTTBLFS.ecom.tlrg.com | E16: 10.221.3.240
A17: 10.221.241.244 | B17: c400tmpblsql.oob.westgroup.net | C17: Does not respond to ping (since 052413)
A18: 10.221.245.237 | B18: EG-HBRSQL-A54 | C18: Does not respond to ping (since 071713) | F18: Decommissioned | G18: Recycled IP
A19: 10.221.253.175 | B19: EG-HBRSQL-A37 | C19: Does not respond to ping (since 071113) | F19: Decommissioned | G19: Recycled IP
A20: 10.221.254.239 | B20: EG-HBRSQL-A35 | C20: Does not respond to ping (since 071113) | F20: Decommissioned | G20: Recycled IP
A21: 10.225.20.5 | B21: tlrielkhubweb07.hubbardhost.com | C21: This IP's assignment information does not match DNS or ServiceManager (since 092613) | D21: tlrielkhubweb07.hubbardhost.com | E21: 10.225.20.5
A22: 10.225.20.6 | B22: tlrielkhubweb08.hubbardhost.com | C22: This IP's assignment information does not match DNS or ServiceManager (since 092613) | D22: tlrielkhubweb08.hubbardhost.com | E22: 10.225.20.6
A23: 10.225.20.7 | B23: C111RXR | C23: Does not respond to ping (since 070313)
A24: 10.225.20.22 | B24: C111WRS | C24: Does not respond to ping (since 070313)
A25: 167.68.150.6 | B25: eg-lwschl-a37.ecom.tlrg.com | C25: This IP's ServiceManager entry does not match the ServiceManager entry corresponding to the DNS name (since 102713) | D25: eg-lwschl-a37.ecom.tlrg.com | E25: 167.68.150.6

Sheet Zipper 11-5
A1: Given IP Address | B1: Given Hostname | C1: Description | D1: DNS Name | E1: IP Address | F1: Notes | G1: Action Taken
A2: 10.205.50.27 | B2: C111FZP | C2: Does not respond to ping (since 071013) | G2: Recycled IP
A3: 10.205.50.28 | B3: C111VAQ | C3: Does not respond to ping (since 071013) | G3: Recycled IP
A4: 10.220.49.0 | B4: EG-SWGSQLQ-B09 | C4: Does not respond to ping (since 102809) | F4: Decommissioned | G4: Recycled IP
A5: 10.220.66.0 | B5: eg-dcpfc-b02 | C5: Does not respond to ping (since 111409) | D5: eg-dcpfc-b02 | E5: 10.220.66.3 | F5: New IP | G5: Recycled IP
A6: 10.221.68.165 | B6: eg-ssoappqa-a02 | C6: Does not respond to ping (since 072413) | F6: V2V | G6: Recycled IP
A7: 10.221.240.216 | B7: EG-ATLAPP-B09 | C7: Does not respond to ping (since 072613) | F7: Decommissioned | G7: Recycled IP
A8: 10.221.241.210 | B8: EG-ATLAPP-B08 | C8: Does not respond to ping (since 072613) | F8: Decommissioned | G8: Recycled IP
A9: 10.226.50.178 | B9: boardlinkservices-qa.accelus.eu | C9: This IP's assignment information does not match DNS or ServiceManager (since 070313) | D9: boardlinkservices-qa.accelus.eu | E9: 10.226.50.178
A10: 10.226.50.179 | B10: boardlinkdav-qa.accelus.eu | C10: This IP's assignment information does not match DNS or ServiceManager (since 070313) | D10: boardlinkdav-qa.accelus.eu | E10: 10.226.50.179
A11: 10.176.8.142 | C11: This IP is apparently in use, but it has not been assigned (since 103013) | F11: Decommissioned | G11: Recycled IP
A12: 10.204.33.0 | B12: C111HTQ | C12: Does not respond to ping (since 072511) | D12: C111HTQ | E12: 10.204.56.4 | F12: New IP | G12: Recycled IP
A13: 10.206.19.107 | B13: pvcluster.int.thomsonreuters.com | C13: This IP's assignment information does not match DNS or ServiceManager (since 050713) | D13: pvcluster.int.thomsonreuters.com | E13: 10.206.19.107
A14: 10.213.40.120 | B14: RA-EG-CMAPP-B02 | C14: Does not respond to ping (since 072613) | F14: New IP | G14: Recycled IP
A15: 10.220.30.89 | B15: eg-cmappdv-b01 | C15: Does not respond to ping (since 072513) | D15: eg-cmappdv-b01 | E15: 10.220.95.2 | F15: New IP | G15: Recycled IP
A16: 10.220.52.177 | B16: RA-EG-CMAPPDV-B01 | C16: Does not respond to ping (since 072613) | F16: New IP | G16: Recycled IP
A17: 10.220.65.0 | B17: EG-MSTROQA-B04 | C17: Does not respond to ping (since 072911) | D17: EG-MSTROQA-B04 | E17: 10.176.5.203 | F17: New IP | G17: Recycled IP
A18: 10.221.64.184 | B18: eg-cssql-b07 | C18: Does not respond to ping (since 072613) | F18: New IP | G18: Recycled IP
A19: 10.176.8.251 | B19: c111zcj.tlr.thomson.com | C19: Does not respond to ping (since 121412) | F19: New IP | G19: Recycled IP
A20: 10.185.3.8 | B20: eccrg.mgmt.tlrg.com | C20: This IP's assignment information does not match DNS or ServiceManager (since 062713) | D20: eccrg.mgmt.tlrg.com | E20: 10.185.3.8
A21: 10.219.10.21 | B21: LSD-BLADE01 | C21: This IP's assignment information does not match DNS or ServiceManager (since 103113)
A22: 10.221.3.240 | B22: c998gttblfs.ecom.tlrg.com | C22: This IP's assignment information does not match DNS or ServiceManager (since 082713) | D22: c998gttblfs.ecom.tlrg.com | E22: 10.221.3.240
A23: 10.221.65.0 | B23: eg-wlbweb-b21 | C23: Does not respond to ping (since 092712) | D23: eg-wlbweb-b21.ecom.tlrg.com | E23: 10.214.26.109 | F23: New IP | G23: Recycled IP
A24: 10.221.241.244 | B24: c400tmpblsql.oob.westgroup.net | C24: Does not respond to ping (since 052413) | F24: New IP | G24: Recycled IP
A25: 10.225.20.5 | B25: tlrielkhubweb07.hubbardhost.com | C25: This IP's assignment information does not match DNS or ServiceManager (since 092613) | D25: tlrielkhubweb07.hubbardhost.com | E25: 10.225.20.5
A26: 10.225.20.6 | B26: tlrielkhubweb08.hubbardhost.com | C26: This IP's assignment information does not match DNS or ServiceManager (since 092613) | D26: tlrielkhubweb08.hubbardhost.com | E26: 10.225.20.6
A27: 10.225.20.7 | B27: c111rxr | C27: Does not respond to ping (since 070313) | F27: New IP | G27: Recycled IP
A28: 10.225.20.22 | B28: c111wrs | C28: Does not respond to ping (since 070313) | F28: New IP | G28: Recycled IP
A29: 167.68.150.6 | B29: eg-lwschl-a37.ecom.tlrg.com | C29: This IP's ServiceManager entry does not match the ServiceManager entry corresponding to the DNS name (since 103113) | D29: eg-lwschl-a37.ecom.tlrg.com | E29: 167.68.150.6

Sheet Zipper 11-12
A1: Given IP Address | B1: Given Hostname | C1: Description | D1: DNS Name | E1: IP Address | F1: Notes | G1: Action Taken
A2: 10.206.19.107 | B2: pvcluster.int.thomsonreuters.com | C2: This IP's assignment information does not match DNS or ServiceManager (since 111113) | D2: pvcluster.int.thomsonreuters.com | E2: 10.206.19.107
A3: 10.205.50.27 | B3: C111FZP | C3: Does not respond to ping (since 071013)
A4: 10.205.50.28 | B4: C111VAQ | C4: Does not respond to ping (since 071013)
A5: 10.206.16.20 | B5: rsgprod.int.westgroup.com | C5: This IP's assignment information does not match DNS or ServiceManager (since 111113) | D5: rsgprod.int.westgroup.com | E5: 10.206.16.20
A6: 10.206.22.93 | B6: C360GUD | C6: Does not respond to ping (since 080313) | D6: C360GUD | E6: 10.206.46.83 | F6: New IP | G6: Recycled IP
A7: 10.206.64.36 | B7: iqtest.recap.com | C7: This IP's assignment information does not match DNS or ServiceManager (since 102913) | D7: iqtest.recap.com | E7: 10.206.64.36
A8: 10.221.241.210 | B8: EG-ATLAPP-B08 | C8: Does not respond to ping (since 072613)
A9: 10.226.50.178 | B9: boardlinkservices-qa.accelus.eu | C9: This IP's assignment information does not match DNS or ServiceManager (since 070313) | D9: boardlinkservices-qa.accelus.eu | E9: 10.226.50.178
A10: 10.226.50.179 | B10: boardlinkdav-qa.accelus.eu | C10: This IP's assignment information does not match DNS or ServiceManager (since 070313) | D10: boardlinkdav-qa.accelus.eu | E10: 10.226.50.179
A11: 10.176.8.251 | B11: c111zcj.tlr.thomson.com | C11: Does not respond to ping (since 121412) | E11: 10.215.34.20 | F11: New IP | G11: Recycled IP
A12: 10.185.3.8 | B12: eccrg.mgmt.tlrg.com | C12: This IP's assignment information does not match DNS or ServiceManager (since 062713) | D12: eccrg.mgmt.tlrg.com | E12: 10.185.3.8
A13: 10.219.10.21 | B13: LSD-BLADE01 | C13: This IP's assignment information does not match DNS or ServiceManager (since 103113)
A14: 10.220.179.16 | B14: 2012testSand | C14: Does not respond to ping (since 080113) | G14: Recycled IP
A15: 10.221.3.240 | B15: c998gttblfs.ecom.tlrg.com | C15: This IP's assignment information does not match DNS or ServiceManager (since 082713) | D15: c998gttblfs.ecom.tlrg.com | E15: 10.221.3.240
A16: 10.221.241.244 | B16: c400tmpblsql.oob.westgroup.net | C16: Does not respond to ping (since 052413)
A17: 10.225.20.5 | B17: tlrielkhubweb07.hubbardhost.com | C17: This IP's assignment information does not match DNS or ServiceManager (since 092613) | D17: tlrielkhubweb07.hubbardhost.com | E17: 10.225.20.5
A18: 10.225.20.6 | B18: tlrielkhubweb08.hubbardhost.com | C18: This IP's assignment information does not match DNS or ServiceManager (since 092613) | D18: tlrielkhubweb08.hubbardhost.com | E18: 10.225.20.6
A19: 10.225.20.7 | B19: c111rxr | C19: Does not respond to ping (since 070313) | G19: Recycled IP
A20: 10.225.20.22 | B20: c111wrs | C20: Does not respond to ping (since 070313) | G20: Recycled IP
A21: 167.68.150.6 | B21: eg-lwschl-a37.ecom.tlrg.com | C21: This IP's ServiceManager entry does not match the ServiceManager entry corresponding to the DNS name (since 103113) | D21: eg-lwschl-a37.ecom.tlrg.com | E21: 167.68.150.6

Sheet Zipper 11-19
A1: Given IP Address | B1: Given Hostname | C1: Description | D1: DNS Name | E1: IP Address | F1: Notes | G1: Action Taken
A2: 10.205.50.27 | B2: C111FZP | C2: Does not respond to ping (since 071013)
A3: 10.205.50.28 | B3: C111VAQ | C3: Does not respond to ping (since 071013)
A4: 10.206.16.20 | B4: rsgprod.int.westgroup.com | C4: This IP's assignment information does not match DNS or ServiceManager (since 111113) | D4: rsgprod.int.westgroup.com | E4: 10.206.16.20
A5: 10.206.64.36 | B5: iqtest.recap.com | C5: This IP's assignment information does not match DNS or ServiceManager (since 102913) | D5: iqtest.recap.com | E5: 10.206.64.36
A6: 10.220.98.60 | B6: EG-DBASQL-B22 | C6: Does not respond to ping (since 080513) | F6: New IP | G6: Recycled IP
A7: 10.221.1.62 | B7: EG-DBASQLQA-B11 | C7: Does not respond to ping (since 080713) | F7: New IP | G7: Recycled IP
A8: 10.226.50.178 | B8: boardlinkservices-qa.accelus.eu | C8: This IP's assignment information does not match DNS or ServiceManager (since 070313) | D8: boardlinkservices-qa.accelus.eu | E8: 10.226.50.178
A9: 10.226.50.179 | B9: boardlinkdav-qa.accelus.eu | C9: This IP's assignment information does not match DNS or ServiceManager (since 070313) | D9: boardlinkdav-qa.accelus.eu | E9: 10.226.50.179
A10: 163.231.97.100 | B10: eg-dbasql-a20 | C10: Does not respond to ping (since 080513) | F10: New IP | G10: Recycled IP
A11: 10.206.19.107 | B11: pvcluster.int.thomsonreuters.com | C11: This IP's assignment information does not match DNS or ServiceManager (since 111113) | D11: pvcluster.int.thomsonreuters.com | E11: 10.206.19.107
A12: 10.220.49.70 | B12: RA-EG-TFSNGQA-B02 | C12: Does not respond to ping (since 080413) | F12: Rebuilt | G12: Recycled IP
A13: 10.220.64.96 | B13: eg-wlhdv-b01.tlr.thomson.com | C13: This IP is apparently in use, but it has not been assigned (since 111313) | D13: eg-wlhdv-b01.tlr.thomson.com | E13: 10.220.64.96
A14: 10.54.130.14 | B14: c642wtguki | C14: Does not respond to ping (since 012913) | F14: New IP | G14: Recycled IP
A15: 10.176.8.251 | B15: c111zcj.tlr.thomson.com | C15: Does not respond to ping (since 121412)
A16: 10.185.3.8 | B16: eccrg.mgmt.tlrg.com | C16: This IP's assignment information does not match DNS or ServiceManager (since 062713) | D16: eccrg.mgmt.tlrg.com | E16: 10.185.3.8
A17: 10.219.10.21 | B17: LSD-BLADE01 | C17: This IP's assignment information does not match DNS or ServiceManager (since 111813)
A18: 10.221.3.240 | B18: c998gttblfs.ecom.tlrg.com | C18: This IP's assignment information does not match DNS or ServiceManager (since 082713) | D18: c998gttblfs.ecom.tlrg.com | E18: 10.221.3.240
A19: 10.221.241.244 | B19: c400tmpblsql.oob.westgroup.net | C19: Does not respond to ping (since 052413) | F19: OOB is 10.221.240.93
A20: 10.225.20.5 | B20: tlrielkhubweb07.hubbardhost.com | C20: This IP's assignment information does not match DNS or ServiceManager (since 092613) | D20: tlrielkhubweb07.hubbardhost.com | E20: 10.225.20.5
A21: 10.225.20.6 | B21: tlrielkhubweb08.hubbardhost.com | C21: This IP's assignment information does not match DNS or ServiceManager (since 092613) | D21: tlrielkhubweb08.hubbardhost.com | E21: 10.225.20.6
A22: 10.225.20.7 | B22: c111rxr | C22: Does not respond to ping (since 070313)
A23: 10.225.20.22 | B23: c111wrs | C23: Does not respond to ping (since 070313)
A24: 167.68.150.6 | B24: eg-lwschl-a37.ecom.tlrg.com | C24: This IP's ServiceManager entry does not match the ServiceManager entry corresponding to the DNS name (since 111813) | D24: eg-lwschl-a37.ecom.tlrg.com | E24: 167.68.150.6

Sheet Zipper 11-26
A1: Given IP Address | B1: Given Hostname | C1: Description | D1: DNS Name | E1: IP Address | F1: Notes | G1: Action Taken
A2: 10.205.50.27 | B2: C111FZP | C2: Does not respond to ping (since 071013)
A3: 10.205.50.28 | B3: C111VAQ | C3: Does not respond to ping (since 071013)
A4: 10.206.16.20 | B4: rsgprod.int.westgroup.com | C4: This IP's assignment information does not match DNS or ServiceManager (since 111113) | D4: rsgprod.int.westgroup.com | E4: 10.206.16.20
A5: 10.206.64.36 | B5: iqtest.recap.com | C5: This IP's assignment information does not match DNS or ServiceManager (since 102913) | D5: iqtest.recap.com | E5: 10.206.64.36 | G5: Changed Device Name Zipper
A6: 10.226.50.178 | B6: boardlinkservices-qa.accelus.eu | C6: This IP's assignment information does not match DNS or ServiceManager (since 070313) | D6: boardlinkservices-qa.accelus.eu | E6: 10.226.50.178
A7: 10.226.50.179 | B7: boardlinkdav-qa.accelus.eu | C7: This IP's assignment information does not match DNS or ServiceManager (since 070313) | D7: boardlinkdav-qa.accelus.eu | E7: 10.226.50.179
A8: 163.231.21.38 | B8: C111ZBACAS32 | C8: Does not respond to ping (since 081413) | G8: Recycled IP
A9: 163.231.21.39 | B9: C111JDYCAS33 | C9: Does not respond to ping (since 081413) | G9: Recycled IP
A10: 163.231.21.40 | B10: C111ADZCAS34 | C10: Does not respond to ping (since 081413) | G10: Recycled IP
A11: 163.231.21.41 | B11: C111KKHCAS35 | C11: Does not respond to ping (since 081413) | G11: Recycled IP
A12: 10.205.61.92 | B12: c845vmvcpasfq.ecomqc.tlrg.com | C12: This IP is apparently in use, but it has not been assigned (since 112513) | G12: Changed Device Name Zipper
A13: 10.206.19.107 | B13: pvcluster.int.thomsonreuters.com | C13: This IP's assignment information does not match DNS or ServiceManager (since 112113) | D13: pvcluster.int.thomsonreuters.com | E13: 10.206.19.107
A14: 10.220.64.96 | B14: eg-wlhdv-b01.tlr.thomson.com | C14: This IP is apparently in use, but it has not been assigned (since 111313) | D14: eg-wlhdv-b01.tlr.thomson.com | E14: 10.220.64.96 | G14: Changed Device Name Zipper
A15: 10.176.8.251 | B15: c111zcj.tlr.thomson.com | C15: Does not respond to ping (since 121412)
A16: 10.185.3.8 | B16: eccrg.mgmt.tlrg.com | C16: This IP's assignment information does not match DNS or ServiceManager (since 062713) | D16: eccrg.mgmt.tlrg.com | E16: 10.185.3.8
A17: 10.213.44.8 | B17: RA-EG-WLBSQL-A29 | C17: Does not respond to ping (since 081513) | G17: Recycled IP
A18: 10.213.44.53 | B18: RA-EG-H1SQL-A06 | C18: Does not respond to ping (since 081513) | G18: Recycled IP
A19: 10.213.44.68 | B19: RA-EG-H1SQL-A08 | C19: Does not respond to ping (since 081513) | G19: Recycled IP
A20: 10.219.10.21 | B20: LSD-BLADE01 | C20: This IP's assignment information does not match DNS or ServiceManager (since 112513)
A21: 10.221.3.240 | B21: c998gttblfs.ecom.tlrg.com | C21: This IP's assignment information does not match DNS or ServiceManager (since 082713) | D21: c998gttblfs.ecom.tlrg.com | E21: 10.221.3.240
A22: 10.221.241.244 | B22: c400tmpblsql.oob.westgroup.net | C22: Does not respond to ping (since 052413)
A23: 10.221.249.30 | B23: EG-HBRSQL-B56 | C23: Does not respond to ping (since 081413) | G23: Recycled IP
A24: 10.221.249.32 | B24: EG-HBRSQL-B55 | C24: Does not respond to ping (since 081413) | G24: Recycled IP
A25: 10.225.20.5 | B25: tlrielkhubweb07.hubbardhost.com | C25: This IP's assignment information does not match DNS or ServiceManager (since 092613) | D25: tlrielkhubweb07.hubbardhost.com | E25: 10.225.20.5
A26: 10.225.20.6 | B26: tlrielkhubweb08.hubbardhost.com | C26: This IP's assignment information does not match DNS or ServiceManager (since 092613) | D26: tlrielkhubweb08.hubbardhost.com | E26: 10.225.20.6
A27: 10.225.20.7 | B27: c111rxr | C27: Does not respond to ping (since 070313) | G27: Recycled IP
A28: 10.225.20.22 | B28: c111wrs | C28: Does not respond to ping (since 070313) | G28: Recycled IP
A29: 167.68.150.6 | B29: eg-lwschl-a37.ecom.tlrg.com | C29: This IP's ServiceManager entry does not match the ServiceManager entry corresponding to the DNS name (since 112513) | D29: eg-lwschl-a37.ecom.tlrg.com | E29: 167.68.150.6 | F29: Two servers with same IP. ReDeploy?

Sheet Zipper 12-3
A1: Given IP Address | B1: Given Hostname | C1: Description | D1: DNS Name | E1: IP Address | F1: Notes | G1: Action Taken
A2: 10.51.2.117 | B2: c586pzjhzweb2 | C2: Does not respond to ping (since 082213) | D2: c586pzjhzweb2.erf.thomson.com | E2: 10.51.9.2
A3: 10.51.2.118 | B3: c708xvjhzweb3 | C3: Does not respond to ping (since 082213) | D3: c708xvjhzweb3.erf.thomson.com | E3: 10.51.9.3
A4: 10.51.2.119 | B4: c872zxdhzweb4 | C4: Does not respond to ping (since 082213) | D4: c872zxdhzweb4.erf.thomson.com | E4: 10.51.9.4
A5: 10.51.2.120 | B5: c253bhehzweb1 | C5: Does not respond to ping (since 082213) | D5: c253bhehzweb1.erf.thomson.com | E5: 10.51.9.1
A6: 10.204.14.59 | B6: eg-mmonlqa-b06 | C6: Does not respond to ping (since 082113)
A7: 10.205.50.27 | B7: C111FZP | C7: Does not respond to ping (since 071013)
A8: 10.205.50.28 | B8: C111VAQ | C8: Does not respond to ping (since 071013)
A9: 10.205.69.87 | B9: C798DWYICMQA | C9: Does not respond to ping (since 082113)
A10: 10.205.69.88 | B10: C145KDFICMQC | C10: Does not respond to ping (since 082113) | D10: C145KDFICMQC | E10: 10.205.40.159
A11: 10.206.16.20 | B11: rsgprod.int.westgroup.com | C11: This IP's assignment information does not match DNS or ServiceManager (since 111113) | D11: rsgprod.int.westgroup.com | E11: 10.206.16.20
A12: 10.206.64.36 | B12: iqtest.recap.com | C12: This IP's assignment information does not match DNS or ServiceManager (since 102913) | D12: iqtest.recap.com | E12: 10.206.64.36
A13: 10.226.50.178 | B13: boardlinkservices-qa.accelus.eu | C13: This IP's assignment information does not match DNS or ServiceManager (since 070313) | D13: boardlinkservices-qa.accelus.eu | E13: 10.226.50.178
A14: 10.226.50.179 | B14: boardlinkdav-qa.accelus.eu | C14: This IP's assignment information does not match DNS or ServiceManager (since 070313) | D14: boardlinkdav-qa.accelus.eu | E14: 10.226.50.179
A15: 163.231.21.38 | B15: c111zbacas32 | C15: Does not respond to ping (since 081413)
A16: 163.231.21.39 | B16: c111jdycas33 | C16: Does not respond to ping (since 081413)
A17: 163.231.21.40 | B17: c111adzcas34 | C17: Does not respond to ping (since 081413)
A18: 163.231.21.41 | B18: c111kkhcas35 | C18: Does not respond to ping (since 081413)
A19: 10.176.8.251 | B19: c111zcj.tlr.thomson.com | C19: Does not respond to ping (since 121412)
A20: 10.185.3.8 | B20: eccrg.mgmt.tlrg.com | C20: This IP's assignment information does not match DNS or ServiceManager (since 062713) | D20: eccrg.mgmt.tlrg.com | E20: 10.185.3.8
A21: 10.219.10.21 | B21: LSD-BLADE01 | C21: This IP's assignment information does not match DNS or ServiceManager (since 112513)
A22: 10.221.3.240 | B22: c998gttblfs.ecom.tlrg.com | C22: This IP's assignment information does not match DNS or ServiceManager (since 082713) | D22: c998gttblfs.ecom.tlrg.com | E22: 10.221.3.240
A23: 10.221.241.244 | B23: c400tmpblsql.oob.westgroup.net | C23: Does not respond to ping (since 052413)
A24: 10.221.244.239 | B24: EG-HBRSQL-A53 | C24: Does not respond to ping (since 082013)
A25: 10.221.245.238 | B25: EG-HBRSQL-A51 | C25: Does not respond to ping (since 082013)
A26: 10.225.20.5 | B26: tlrielkhubweb07.hubbardhost.com | C26: This IP's assignment information does not match DNS or ServiceManager (since 092613) | D26: tlrielkhubweb07.hubbardhost.com | E26: 10.225.20.5
A27: 10.225.20.6 | B27: tlrielkhubweb08.hubbardhost.com | C27: This IP's assignment information does not match DNS or ServiceManager (since 092613) | D27: tlrielkhubweb08.hubbardhost.com | E27: 10.225.20.6
A28: 10.225.20.7 | B28: c111rxr | C28: Does not respond to ping (since 070313)
A29: 10.225.20.22 | B29: c111wrs | C29: Does not respond to ping (since 070313)
A30: 167.68.150.6 | B30: eg-lwschl-a37.ecom.tlrg.com | C30: This IP's ServiceManager entry does not match the ServiceManager entry corresponding to the DNS name (since 112513) | D30: eg-lwschl-a37.ecom.tlrg.com | E30: 167.68.150.6

Sheet Zipper 12-18
A1: Given IP Address | B1: Given Hostname | C1: Description | D1: DNS Name | E1: IP Address | F1: Notes | G1: Action Taken
A2: 10.204.16.181 | B2: eg-eltvm-b38 | C2: Does not respond to ping (since 082413) | D2: eg-eltvm-b38 | E2: 10.204.72.5 | F2: New IP | G2: Recycled IP
A3: 10.205.17.142 | B3: eg-eltvm-a27 | C3: Does not respond to ping (since 082313) | D3: eg-eltvm-a27 | E3: 10.205.69.42 | F3: New IP | G3: Recycled IP
A4: 10.205.17.144 | B4: eg-eltvm-a29 | C4: Does not respond to ping (since 082313) | D4: eg-eltvm-a29 | E4: 10.176.12.246 | F4: New IP | G4: Recycled IP
A5: 10.205.17.145 | B5: eg-eltvm-a28 | C5: Does not respond to ping (since 082313) | D5: eg-eltvm-a28 | E5: 10.205.69.103 | F5: New IP | G5: Recycled IP
A6: 10.206.19.107 | B6: pvcluster.int.thomsonreuters.com | C6: This IP's assignment information does not match DNS or ServiceManager (since 120313) | D6: pvcluster.int.thomsonreuters.com | E6: 10.206.19.107
A7: 10.215.11.22 | B7: eg-eltvm-b27 | C7: Does not respond to ping (since 082313) | F7: Decommissioned | G7: Recycled IP
A8: 10.220.41.252 | B8: EG-ELTVM-B30 | C8: Does not respond to ping (since 082213) | D8: EG-ELTVM-B30 | E8: 10.204.56.166 | F8: New IP | G8: Recycled IP
A9: 10.220.42.118 | B9: EG-ELTVM-B31 | C9: Does not respond to ping (since 082213) | D9: EG-ELTVM-B31 | E9: 10.204.57.9 | F9: New IP | G9: Recycled IP
A10: 10.220.42.119 | B10: EG-ELTVM-B32 | C10: Does not respond to ping (since 082213) | D10: EG-ELTVM-B32 | E10: 10.204.57.10 | F10: New IP | G10: Recycled IP
A11: 10.220.42.120 | B11: EG-ELTVM-B33 | C11: Does not respond to ping (since 082213) | D11: EG-ELTVM-B33 | E11: 10.204.57.11 | F11: New IP | G11: Recycled IP
A12: 10.220.52.110 | B12: RA-EG-EHSQLQA-B01 | C12: Does not respond to ping (since 090113) | F12: Decommissioned | G12: Recycled IP
A13: 10.220.52.111 | B13: RA-EG-EHSQLQA-B02 | C13: Does not respond to ping (since 090113) | F13: Decommissioned | G13: Recycled IP
A14: 10.51.2.117 | B14: c586pzjhzweb2 | C14: Does not respond to ping (since 082213) | D14: c586pzjhzweb2.erf.thomson.com | E14: 10.51.9.2 | F14: New IP | G14: Recycled IP
A15: 10.51.2.118 | B15: c708xvjhzweb3 | C15: Does not respond to ping (since 082213) | D15: c708xvjhzweb3.erf.thomson.com | E15: 10.51.9.3 | F15: New IP | G15: Recycled IP
A16: 10.51.2.119 | B16: c872zxdhzweb4 | C16: Does not respond to ping (since 082213) | D16: c872zxdhzweb4.erf.thomson.com | E16: 10.51.9.4 | F16: New IP | G16: Recycled IP
A17: 10.51.2.120 | B17: c253bhehzweb1 | C17: Does not respond to ping (since 082213) | D17: c253bhehzweb1.erf.thomson.com | E17: 10.51.9.1 | F17: New IP | G17: Recycled IP
A18: 10.176.4.19 | B18: C111RYG | C18: Does not respond to ping (since 082713) | D18: C111RYG.mgmt.tlrg.com | E18: 10.204.8.8 | F18: New IP | G18: Recycled IP
A19: 10.204.14.59 | B19: eg-mmonlqa-b06 | C19: Does not respond to ping (since 082113) | F19: Decommissioned | G19: Recycled IP
A20: 10.205.50.27 | B20: C111FZP | C20: Does not respond to ping (since 071013) | F20: Decommissioned | G20: Recycled IP
A21: 10.205.50.28 | B21: C111VAQ | C21: Does not respond to ping (since 071013) | F21: Decommissioned | G21: Recycled IP
A22: 10.205.69.87 | B22: C798DWYICMQA | C22: Does not respond to ping (since 082113) | E22: 10.176.8.128 | F22: New IP | G22: Recycled IP
A23: 10.205.69.88 | B23: C145KDFICMQC | C23: Does not respond to ping (since 082113) | D23: C145KDFICMQC | E23: 10.205.40.159 | F23: New IP | G23: Recycled IP
A24: 10.206.16.20 | B24: rsgprod.int.westgroup.com | C24: This IP's assignment information does not match DNS or ServiceManager (since 111113) | D24: rsgprod.int.westgroup.com | E24: 10.206.16.20
A25: 10.206.64.36 | B25: iqtest.recap.com | C25: This IP's assignment information does not match DNS or ServiceManager (since 121613) | D25: iqtest.recap.com | E25: 10.206.64.36
A26: 10.216.64.87 | B26: EG-SWGFL-A01 | C26: Does not respond to ping (since 090113) | D26: EG-SWGFL-A01.ecom.tlrg.com | E26: 10.216.18.229 | F26: New IP | G26: Recycled IP
A27: 10.216.64.88 | B27: EG-SWGSCH-A02 | C27: Does not respond to ping (since 090213) | D27: EG-SWGSCH-A02.ecom.tlrg.com | E27: 10.216.18.239 | F27: New IP | G27: Recycled IP
A28: 10.216.64.107 | B28: EG-SWGSIG-A02 | C28: Does not respond to ping (since 090213) | D28: EG-SWGSIG-A02.ecom.tlrg.com | E28: 10.216.18.240 | F28: New IP | G28: Recycled IP
A29: 10.220.69.108 | B29: EG-ECBLDDV-H01 | C29: Does not respond to ping (since 082813) | F29: Decommissioned | G29: Recycled IP
A30: 10.220.94.40 | B30: EG-TASQL-A01C | C30: Does not respond to ping (since 082913) | F30: Decommissioned | G30: Recycled IP
A31: 10.220.94.101 | B31: EG-TASQL-A01R | C31: Does not respond to ping (since 082913) | F31: Decommissioned | G31: Recycled IP
A32: 10.220.94.102 | B32: EG-TASQL-A01M | C32: Does not respond to ping (since 082913)
A33: 10.221.253.90 | B33: EG-PUBLIC-A12 | C33: Does not respond to ping (since 090213) | D33: EG-PUBLIC-A12 | E33: 163.231.21.65 | F33: New IP | G33: Recycled IP
A34: 10.221.254.206 | B34: EG-PUBLIC-A11 | C34: Does not respond to ping (since 090213) | D34: EG-PUBLIC-A11 | E34: 163.231.21.66 | F34: New IP | G34: Recycled IP
A35: 10.226.50.178 | B35: boardlinkservices-qa.accelus.eu | C35: This IP's assignment information does not match DNS or ServiceManager (since 070313) | D35: boardlinkservices-qa.accelus.eu | E35: 10.226.50.178
A36: 10.226.50.179 | B36: boardlinkdav-qa.accelus.eu | C36: This IP's assignment information does not match DNS or ServiceManager (since 070313) | D36: boardlinkdav-qa.accelus.eu | E36: 10.226.50.179
A37: 163.231.21.38 | B37: c111zbacas32 | C37: Does not respond to ping (since 081413) | F37: Decommissioned | G37: Recycled IP
A38: 163.231.21.39 | B38: c111jdycas33 | C38: Does not respond to ping (since 081413) | F38: Decommissioned | G38: Recycled IP
A39: 163.231.21.40 | B39: c111adzcas34 | C39: Does not respond to ping (since 081413) | F39: Decommissioned | G39: Recycled IP
A40: 163.231.21.41 | B40: c111kkhcas35 | C40: Does not respond to ping (since 081413) | F40: Decommissioned | G40: Recycled IP
A41: 10.176.8.251 | B41: c111zcj.tlr.thomson.com | C41: Does not respond to ping (since 121412)
A42: 10.185.3.8 | B42: eccrg.mgmt.tlrg.com | C42: This IP's assignment information does not match DNS or ServiceManager (since 062713) | D42: eccrg.mgmt.tlrg.com | E42: 10.185.3.8
A43: 10.215.44.85 | B43: C458UDELHASPF | C43: Does not respond to ping (since 090413) | F43: Decommissioned | G43: Recycled IP
A44: 10.215.44.86 | B44: C351PMALHASPF | C44: Does not respond to ping (since 090413) | F44: Decommissioned | G44: Recycled IP
A45: 10.215.44.87 | B45: C097MWELHASPF | C45: Does not respond to ping (since 090413) | F45: Decommissioned | G45: Recycled IP
A46: 10.215.44.88 | B46: C022JUDLHASPF | C46: Does not respond to ping (since 090413) | F46: Decommissioned | G46: Recycled IP
A47: 10.215.44.89 | B47: C457UDELHASPF | C47: Does not respond to ping (since 090413) | F47: Decommissioned | G47: Recycled IP
A48: 10.215.44.90 | B48: C274BSWLHASPF | C48: Does not respond to ping (since 090413) | F48: Decommissioned | G48: Recycled IP
A49: 10.215.44.91 | B49: C190PYHLHASPF | C49: Does not respond to ping (since 090413) | F49: Decommissioned | G49: Recycled IP
A50: 10.215.44.92 | B50: C700VUZLHASPF | C50: Does not respond to ping (since 090413) | F50: New IP | G50: Recycled IP
A51: 10.215.44.93 | B51: C109GEULHASPF | C51: Does not respond to ping (since 090413) | F51: New IP | G51: Recycled IP
A52: 10.215.44.116 | B52: C754TVPLHASPF | C52: Does not respond to ping (since 082913) | F52: New IP | G52: Recycled IP
A53: 10.219.10.21 | B53: LSD-BLADE01 | C53: This IP's assignment information does not match DNS or ServiceManager (since 121513)
A54: 10.221.3.240 | B54: c998gttblfs.ecom.tlrg.com | C54: This IP's assignment information does not match DNS or ServiceManager (since 082713) | D54: c998gttblfs.ecom.tlrg.com | E54: 10.221.3.240
A55: 10.221.241.244 | B55: c400tmpblsql.oob.westgroup.net | C55: Does not respond to ping (since 052413) | G55: Recycled IP
A56: 10.221.244.238 | B56: EG-HBRSQL-A52 | C56: Does not respond to ping (since 083113) | F56: Decommissioned | G56: Recycled IP
A57: 10.221.244.239 | B57: EG-HBRSQL-A53 | C57: Does not respond to ping (since 082013) | F57: Decommissioned | G57: Recycled IP
A58: 10.221.245.238 | B58: EG-HBRSQL-A51 | C58: Does not respond to ping (since 082013) | F58: Decommissioned | G58: Recycled IP
A59: 10.225.20.5 | B59: tlrielkhubweb07.hubbardhost.com | C59: This IP's assignment information does not match DNS or ServiceManager (since 121613) | D59: tlrielkhubweb07.hubbardhost.com | E59: 10.225.20.5
A60: 10.225.20.6 | B60: tlrielkhubweb08.hubbardhost.com | C60: This IP's assignment information does not match DNS or ServiceManager (since 121613) | D60: tlrielkhubweb08.hubbardhost.com | E60: 10.225.20.6
A61: 10.225.20.7 | B61: c111rxr | C61: Does not respond to ping (since 070313) | G61: Recycled IP
A62: 10.225.20.22 | B62: c111wrs | C62: Does not respond to ping (since 070313) | G62: Recycled IP
A63: 167.68.150.6 | B63: eg-lwschl-a37.ecom.tlrg.com | C63: This IP's ServiceManager entry does not match the ServiceManager entry corresponding to the DNS name (since 121513) | D63: eg-lwschl-a37.ecom.tlrg.com | E63: 167.68.150.6

Sheet Constant Repeats
A1: Given IP Address | B1: Given Hostname | C1: Description
A2: 10.176.8.251 | B2: c111zcj.tlr.thomson.com | C2: Does not respond to ping (since 121412)
A3: 10.225.4.136 | B3: tss1vdev0104 | C3: Does not respond to ping (since 120712)
A4: 10.222.122.98 | B4: PROD02 | C4: Does not respond to ping (since 111712)
A5: 10.222.122.97 | B5: PROD01 | C5: Does not respond to ping (since 111212)
A6: 163.231.95.64 | B6: EG-GSIFS-B03 | C6: Does not respond to ping (since 092712)
A7: 163.231.96.4 | B7: EG-ATLSQL-B11R | C7: Does not respond to ping (since 061813)
A8: 163.231.96.134 | B8: EG-ATLSQL-B10C | C8: Does not respond to ping (since 061813)
A9: 163.231.96.136 | B9: EG-ATLSQL-B10M | C9: Does not respond to ping (since 061813)
A10: 163.231.96.143 | B10: EG-ATLSQL-B10R | C10: Does not respond to ping (since 061813)
A11: 10.220.19.94 | B11: eg-tasqlq-b01C | C11: Does not respond to ping (since 061513)
A12: 10.220.19.95 | B12: EG-TASQLQ-B01M | C12: Does not respond to ping (since 061513)
... A31: 10.220.20.144 | B31: Eg-Eltvmdv-B15 | C31: Does not respond to ping (since 031213)
